Lat,Lon,Title,Continent,Country or area,City,X.1,Statistical concept,2000,2000_tooltip,2016,2016_tooltip,2030,2000-2016,2016-2030,Total population,Urban population,category
-37.81,144.96,null,Australia,Australia,Melbourne,"Australia, Melbourne",Metropolitan area,3461,3.5 million,4258,4.3 million,5071,1.3,1.2,17.6,19.6,between 0 and 2.5
-36.87,174.77,null,Australia,New Zealand,Auckland,"New Zealand, Auckland",Urban Agglomeration,1063,1.1 million,1360,1.4 million,1574,1.5,1,29.3,34,between 0 and 2.5
-34.93,138.6,null,Australia,Australia,Adelaide,"Australia, Adelaide",Metropolitan area,1142,1.1 million,1265,1.3 million,1505,0.6,1.2,5.2,5.8,between 0 and 2.5
-34.83,-56.17,null,South America,Uruguay,Montevideo,"Uruguay, Montevideo",Metropolitan area,1600,1.6 million,1716,1.7 million,1860,0.4,0.6,49.9,52.2,between 0 and 2.5
-34.61,-58.4,null,South America,Argentina,Buenos Aires,"Argentina, Buenos Aires",Urban Agglomeration,12407,12.4 million,15334,15.3 million,16956,1.3,0.7,36.1,39.3,between 0 and 2.5
-33.93,18.42,null,Africa,South Africa,Cape Town,"South Africa, Cape Town",Urban Agglomeration,2715,2.7 million,3698,3.7 million,4322,1.9,1.1,6.9,10.5,between 0 and 2.5
-33.92,25.57,null,Africa,South Africa,Port Elizabeth,"South Africa, Port Elizabeth",Metropolitan area,958,1.0 million,1186,1.2 million,1390,1.3,1.1,2.2,3.4,between 0 and 2.5
-33.87,151.21,null,Australia,Australia,Sydney,"Australia, Sydney",Metropolitan area,4052,4.1 million,4540,4.5 million,5301,0.7,1.1,18.7,20.9,between 0 and 2.5
-33.46,-70.65,null,South America,Chile,Santiago,"Chile, Santiago",Urban Agglomeration,5658,5.7 million,6544,6.5 million,7122,0.9,0.6,36.2,40.4,between 0 and 2.5
-32.95,-60.64,null,South America,Argentina,Rosario,"Argentina, Rosario",Urban Agglomeration,1152,1.2 million,1395,1.4 million,1607,1.2,1,3.3,3.6,between 0 and 2.5
-32.89,-68.83,null,South America,Argentina,Mendoza,"Argentina, Mendoza",Urban Agglomeration,838,0.8 million,1020,1.0 million,1181,1.2,1,2.4,2.6,between 0 and 2.5
-31.95,115.85,null,Australia,Australia,Perth,"Australia, Perth",Metropolitan area,1432,1.4 million,1896,1.9 million,2329,1.8,1.5,7.8,8.7,between 0 and 2.5
-31.41,-64.18,null,South America,Argentina,Córdoba,"Argentina, Córdoba",Urban Agglomeration,1348,1.3 million,1519,1.5 million,1718,0.7,0.9,3.6,3.9,between 0 and 2.5
-30.03,-51.23,null,South America,Brazil,Pôrto Alegre,"Brazil, Pôrto Alegre",Metropolitan area,3216,3.2 million,3621,3.6 million,4028,0.7,0.8,1.8,2.1,between 0 and 2.5
-29.86,31.03,null,Africa,South Africa,Durban,"South Africa, Durban",Urban Agglomeration,2370,2.4 million,2914,2.9 million,3349,1.3,1,5.4,8.3,between 0 and 2.5
-27.6,-48.55,null,South America,Brazil,Florianópolis,"Brazil, Florianópolis",Metropolitan area,734,0.7 million,1212,1.2 million,1481,3.1,1.4,0.6,0.7,between 2.5 and 5
-27.47,153.03,null,Australia,Australia,Brisbane,"Australia, Brisbane",Metropolitan area,1666,1.7 million,2238,2.2 million,2721,1.8,1.4,9.2,10.3,between 0 and 2.5
-26.67,27.93,null,Africa,South Africa,Vereeniging,"South Africa, Vereeniging",Urban Agglomeration,897,0.9 million,1164,1.2 million,1370,1.6,1.2,2.2,3.3,between 0 and 2.5
-26.3,-48.85,null,South America,Brazil,Joinville,"Brazil, Joinville",Metropolitan area,923,0.9 million,1237,1.2 million,1450,1.8,1.1,0.6,0.7,between 0 and 2.5
-26.2,28.04,null,Africa,South Africa,Johannesburg,"South Africa, Johannesburg",Metropolitan area,5605,5.6 million,9616,9.6 million,11573,3.4,1.3,17.9,27.4,between 2.5 and 5
-25.97,32.59,null,Africa,Mozambique,Maputo,"Mozambique, Maputo",Urban Agglomeration,1019,1.0 million,1203,1.2 million,1893,1,3.2,4.3,13.3,between 0 and 2.5
-25.74,28.19,null,Africa,South Africa,Pretoria,"South Africa, Pretoria",Urban Agglomeration,1084,1.1 million,2125,2.1 million,2701,4.2,1.7,3.9,6,between 2.5 and 5
-25.43,-49.27,null,South America,Brazil,Curitiba,"Brazil, Curitiba",Metropolitan area,2494,2.5 million,3537,3.5 million,4116,2.2,1.1,1.7,2,between 0 and 2.5
-25.3,-57.64,null,South America,Paraguay,Asunción,"Paraguay, Asunción",Urban Agglomeration,1499,1.5 million,2406,2.4 million,3135,3,1.9,33.7,56.2,between 2.5 and 5
-23.96,-46.33,null,South America,Brazil,Baixada Santista,"Brazil, Baixada Santista",Urban Agglomeration,1309,1.3 million,1551,1.6 million,1769,1.1,0.9,0.8,0.9,between 0 and 2.5
-23.55,-46.64,null,South America,Brazil,São Paulo,"Brazil, São Paulo",Metropolitan area,17014,17.0 million,21297,21.3 million,23444,1.4,0.7,10.4,12.1,between 0 and 2.5
-22.91,-47.07,null,South America,Brazil,Campinas,"Brazil, Campinas",Metropolitan area,2332,2.3 million,3091,3.1 million,3560,1.8,1,1.5,1.8,between 0 and 2.5
-22.9,-43.21,null,South America,Brazil,Rio de Janeiro,"Brazil, Rio de Janeiro",Metropolitan area,11307,11.3 million,12981,13.0 million,14174,0.9,0.6,6.3,7.4,between 0 and 2.5
-20.31,-40.31,null,South America,Brazil,Grande Vitória,"Brazil, Grande Vitória",Urban Agglomeration,1314,1.3 million,1655,1.7 million,1908,1.4,1,0.8,0.9,between 0 and 2.5
-19.92,-43.94,null,South America,Brazil,Belo Horizonte,"Brazil, Belo Horizonte",Metropolitan area,4807,4.8 million,5766,5.8 million,6439,1.1,0.8,2.8,3.3,between 0 and 2.5
-18.91,47.54,null,Africa,Madagascar,Antananarivo,"Madagascar, Antananarivo",Urban Agglomeration,1361,1.4 million,2739,2.7 million,5073,4.4,4.4,11,30.8,between 2.5 and 5
-17.83,31.05,null,Africa,Zimbabwe,Harare,"Zimbabwe, Harare",City Proper,1379,1.4 million,1511,1.5 million,2048,0.6,2.2,9.8,30.2,between 0 and 2.5
-17.8,-63.17,null,South America,Bolivia (Plurinational State of),Santa Cruz,"Bolivia (Plurinational State of), Santa Cruz",City Proper,1054,1.1 million,2181,2.2 million,2989,4.5,2.3,19.5,28.3,between 2.5 and 5
-17.39,-66.16,null,South America,Bolivia (Plurinational State of),Cochabamba,"Bolivia (Plurinational State of), Cochabamba",Metropolitan area,721,0.7 million,1273,1.3 million,1703,3.6,2.1,11.4,16.5,between 2.5 and 5
-16.68,-49.25,null,South America,Brazil,Goiânia,"Brazil, Goiânia",Metropolitan area,1635,1.6 million,2327,2.3 million,2730,2.2,1.1,1.1,1.3,between 0 and 2.5
-16.5,-68.15,null,South America,Bolivia (Plurinational State of),La Paz,"Bolivia (Plurinational State of), La Paz",Urban Agglomeration,1390,1.4 million,1834,1.8 million,2308,1.7,1.6,16.4,23.8,between 0 and 2.5
-15.78,-47.93,null,South America,Brazil,Brasília,"Brazil, Brasília",Metropolitan area,2932,2.9 million,4235,4.2 million,4929,2.3,1.1,2.1,2.4,between 0 and 2.5
-15.41,28.28,null,Africa,Zambia,Lusaka,"Zambia, Lusaka",Urban Agglomeration,1073,1.1 million,2285,2.3 million,4365,4.7,4.6,14.3,34.4,between 2.5 and 5
-12.97,-38.51,null,South America,Brazil,Salvador,"Brazil, Salvador",Metropolitan area,2891,2.9 million,3623,3.6 million,4115,1.4,0.9,1.8,2.1,between 0 and 2.5
-12.78,15.74,null,Africa,Angola,Huambo,"Angola, Huambo",Urban Agglomeration,578,0.6 million,1337,1.3 million,2537,5.2,4.6,5.7,12.7,5 or more
-12.04,-77.03,null,South America,Peru,Lima,"Peru, Lima",Metropolitan area,7294,7.3 million,10072,10.1 million,12221,2,1.4,31.9,40.4,between 0 and 2.5
-11.66,27.48,null,Africa,Dem. Republic of the Congo,Lubumbashi,"Dem. Republic of the Congo, Lubumbashi",City Proper,1089,1.1 million,2097,2.1 million,3489,4.1,3.6,2.9,6.7,between 2.5 and 5
-9.67,-35.74,null,South America,Brazil,Maceió,"Brazil, Maceió",Metropolitan area,952,1.0 million,1286,1.3 million,1508,1.9,1.1,0.6,0.7,between 0 and 2.5
-8.84,13.23,null,Africa,Angola,Luanda,"Angola, Luanda",Urban Agglomeration,2591,2.6 million,5737,5.7 million,10429,5,4.3,24.4,54.4,5 or more
-8.65,115.22,null,Asia,Indonesia,Denpasar,"Indonesia, Denpasar",City Proper,409,0.4 million,1177,1.2 million,1870,6.6,3.3,0.5,0.8,5 or more
-8.05,-34.88,null,South America,Brazil,Recife,"Brazil, Recife",Metropolitan area,3205,3.2 million,3767,3.8 million,4222,1,0.8,1.8,2.1,between 0 and 2.5
-7.29,112.74,null,Asia,Indonesia,Surabaya,"Indonesia, Surabaya",City Proper,2611,2.6 million,2878,2.9 million,3760,0.6,1.9,1.1,2,between 0 and 2.5
-7.12,-34.86,null,South America,Brazil,João Pessoa,"Brazil, João Pessoa",Urban Agglomeration,842,0.8 million,1109,1.1 million,1298,1.7,1.1,0.5,0.6,between 0 and 2.5
-6.99,110.42,null,Asia,Indonesia,Semarang,"Indonesia, Semarang",City Proper,1427,1.4 million,1648,1.6 million,2188,0.9,2,0.6,1.2,between 0 and 2.5
-6.92,107.61,null,Asia,Indonesia,Bandung,"Indonesia, Bandung",City Proper,2138,2.1 million,2578,2.6 million,3433,1.2,2,1,1.8,between 0 and 2.5
-6.82,39.27,null,Africa,United Republic of Tanzania,Dar es Salaam,"United Republic of Tanzania, Dar es Salaam",Urban Agglomeration,2272,2.3 million,5409,5.4 million,10760,5.4,4.9,10,31.1,5 or more
-6.61,106.8,null,Asia,Indonesia,Bogor,"Indonesia, Bogor",City Proper,751,0.8 million,1102,1.1 million,1541,2.4,2.4,0.4,0.8,between 0 and 2.5
-6.21,106.84,null,Asia,Indonesia,Jakarta,"Indonesia, Jakarta",City Proper,8390,8.4 million,10483,10.5 million,13812,1.4,2,4.1,7.4,between 0 and 2.5
-6.15,23.6,null,Africa,Dem. Republic of the Congo,Mbuji-Mayi,"Dem. Republic of the Congo, Mbuji-Mayi",City Proper,1011,1.0 million,2097,2.1 million,3541,4.6,3.7,2.9,6.7,between 2.5 and 5
-5.9,22.42,null,Africa,Dem. Republic of the Congo,Kananga,"Dem. Republic of the Congo, Kananga",City Proper,604,0.6 million,1219,1.2 million,2053,4.4,3.7,1.7,3.9,between 2.5 and 5
-5.8,-35.21,null,South America,Brazil,Natal,"Brazil, Natal",Urban Agglomeration,860,0.9 million,1186,1.2 million,1399,2,1.2,0.6,0.7,between 0 and 2.5
-5.14,119.42,null,Asia,Indonesia,Makassar (Ujung Pandang),"Indonesia, Makassar (Ujung Pandang)",City Proper,1077,1.1 million,1522,1.5 million,2104,2.2,2.3,0.6,1.1,between 0 and 2.5
-4.33,15.31,null,Africa,Dem. Republic of the Congo,Kinshasa,"Dem. Republic of the Congo, Kinshasa",Urban Agglomeration,6140,6.1 million,12071,12.1 million,19996,4.2,3.6,16.5,38.4,between 2.5 and 5
-4.27,15.28,null,Africa,Congo,Brazzaville,"Congo, Brazzaville",City Proper,1022,1.0 million,1949,1.9 million,2979,4,3,40.7,61.9,between 2.5 and 5
-4.05,39.66,null,Africa,Kenya,Mombasa,"Kenya, Mombasa",City Proper,683,0.7 million,1141,1.1 million,1973,3.2,3.9,2.4,9.1,between 2.5 and 5
-3.74,-38.54,null,South America,Brazil,Fortaleza,"Brazil, Fortaleza",Metropolitan area,2875,2.9 million,3944,3.9 million,4551,2,1,1.9,2.2,between 0 and 2.5
-3.1,-60.03,null,South America,Brazil,Manaus,"Brazil, Manaus",City Proper,1392,1.4 million,2069,2.1 million,2454,2.5,1.2,1,1.2,between 2.5 and 5
-2.92,104.75,null,Asia,Indonesia,Palembang,"Indonesia, Palembang",City Proper,1459,1.5 million,1460,1.5 million,1888,0,1.8,0.6,1,negative
-2.54,-44.28,null,South America,Brazil,Grande São Luís,"Brazil, Grande São Luís",Urban Agglomeration,1064,1.1 million,1460,1.5 million,1714,2,1.1,0.7,0.8,between 0 and 2.5
-2.17,-79.9,null,South America,Ecuador,Guayaquil,"Ecuador, Guayaquil",Urban Agglomeration,2077,2.1 million,2756,2.8 million,3493,1.8,1.7,16.7,26.2,between 0 and 2.5
-1.95,30.06,null,Africa,Rwanda,Kigali,"Rwanda, Kigali",Urban Agglomeration,578,0.6 million,1293,1.3 million,2268,5,4,10.1,34,5 or more
-1.46,-48.48,null,South America,Brazil,Belém,"Brazil, Belém",Metropolitan area,1724,1.7 million,2209,2.2 million,2540,1.5,1,1.1,1.3,between 0 and 2.5
-1.28,36.82,null,Africa,Kenya,Nairobi,"Kenya, Nairobi",City Proper,2214,2.2 million,4070,4.1 million,7140,3.8,4,8.5,32.6,between 2.5 and 5
-0.23,-78.52,null,South America,Ecuador,Quito,"Ecuador, Quito",City Proper,1357,1.4 million,1754,1.8 million,2228,1.6,1.7,10.7,16.6,between 0 and 2.5
0.32,32.58,null,Africa,Uganda,Kampala,"Uganda, Kampala",Urban Agglomeration,1097,1.1 million,2012,2.0 million,3939,3.8,4.8,4.9,29.5,between 2.5 and 5
0.52,25.2,null,Africa,Dem. Republic of the Congo,Kisangani,"Dem. Republic of the Congo, Kisangani",City Proper,586,0.6 million,1079,1.1 million,1786,3.8,3.6,1.5,3.4,between 2.5 and 5
0.53,101.45,null,Asia,Indonesia,Pekan Baru,"Indonesia, Pekan Baru",City Proper,588,0.6 million,1168,1.2 million,1731,4.3,2.8,0.5,0.8,between 2.5 and 5
1.12,104.03,null,Asia,Indonesia,Batam,"Indonesia, Batam",City Proper,415,0.4 million,1498,1.5 million,2486,8,3.6,0.6,1.1,5 or more
1.29,103.85,null,Asia,Singapore,Singapore,"Singapore, Singapore",Urban Agglomeration,3918,3.9 million,5717,5.7 million,6578,2.4,1,100,100,between 0 and 2.5
2.04,45.34,null,Africa,Somalia,Muqdisho (Mogadishu),"Somalia, Muqdisho (Mogadishu)",Urban Agglomeration,1201,1.2 million,2265,2.3 million,4176,4,4.4,19.8,49.4,between 2.5 and 5
3.14,101.69,null,Asia,Malaysia,Kuala Lumpur,"Malaysia, Kuala Lumpur",Metropolitan area,4176,4.2 million,7047,7.0 million,9423,3.3,2.1,22.7,30.1,between 2.5 and 5
3.44,-76.52,null,South America,Colombia,Cali,"Colombia, Cali",Urban Agglomeration,1950,2.0 million,2682,2.7 million,3203,2,1.3,5.4,7,between 0 and 2.5
3.58,98.67,null,Asia,Indonesia,Medan,"Indonesia, Medan",City Proper,1912,1.9 million,2230,2.2 million,2955,1,2,0.9,1.6,between 0 and 2.5
3.87,11.52,null,Africa,Cameroon,Yaoundé,"Cameroon, Yaoundé",Urban Agglomeration,1351,1.4 million,3204,3.2 million,5158,5.4,3.4,13.4,24.3,5 or more
4.05,9.7,null,Africa,Cameroon,Douala,"Cameroon, Douala",Urban Agglomeration,1490,1.5 million,3051,3.1 million,4774,4.5,3.2,12.7,23.2,between 2.5 and 5
4.61,-74.08,null,South America,Colombia,Bogotá,"Colombia, Bogotá",Urban Agglomeration,6356,6.4 million,9968,10.0 million,11966,2.8,1.3,19.9,25.9,between 2.5 and 5
4.78,7.01,null,Africa,Nigeria,Harcourt,"Nigeria, Harcourt",Urban Agglomeration,1091,1.1 million,2465,2.5 million,4562,5.1,4.4,1.3,2.7,5 or more
5.35,-4.03,null,Africa,Côte d’Ivoire,Abidjan,"Côte d’Ivoire, Abidjan",Urban Agglomeration,3028,3.0 million,5020,5.0 million,7773,3.2,3.1,23,42,between 2.5 and 5
5.56,-0.2,null,Africa,Ghana,Accra,"Ghana, Accra",Metropolitan area,1668,1.7 million,2316,2.3 million,3262,2,2.4,8.4,15.4,between 0 and 2.5
6.15,6.79,null,Africa,Nigeria,Onitsha,"Nigeria, Onitsha",Urban Agglomeration,533,0.5 million,1165,1.2 million,2147,4.9,4.4,0.6,1.3,between 2.5 and 5
6.25,-75.56,null,South America,Colombia,Medellín,"Colombia, Medellín",Metropolitan area,2724,2.7 million,3972,4.0 million,4747,2.4,1.3,7.9,10.3,between 0 and 2.5
6.3,-10.8,null,Africa,Liberia,Monrovia,"Liberia, Monrovia",Urban Agglomeration,836,0.8 million,1305,1.3 million,2032,2.8,3.2,28.3,56.5,between 2.5 and 5
6.34,5.63,null,Africa,Nigeria,Benin City,"Nigeria, Benin City",Urban Agglomeration,975,1.0 million,1543,1.5 million,2667,2.9,3.9,0.8,1.7,between 2.5 and 5
6.45,3.4,null,Africa,Nigeria,Lagos,"Nigeria, Lagos",Urban Agglomeration,7281,7.3 million,13661,13.7 million,24239,3.9,4.1,7.2,14.9,between 2.5 and 5
6.69,-1.62,null,Africa,Ghana,Kumasi,"Ghana, Kumasi",Metropolitan area,1187,1.2 million,2718,2.7 million,4215,5.2,3.1,9.9,18.1,5 or more
7.07,125.61,null,Asia,Philippines,Davao City,"Philippines, Davao City",City Proper,1152,1.2 million,1662,1.7 million,2216,2.3,2.1,1.6,3.6,between 0 and 2.5
7.13,-73.12,null,South America,Colombia,Bucaramanga,"Colombia, Bucaramanga",Urban Agglomeration,855,0.9 million,1235,1.2 million,1507,2.3,1.4,2.5,3.2,between 0 and 2.5
7.39,3.9,null,Africa,Nigeria,Ibadan,"Nigeria, Ibadan",Urban Agglomeration,2236,2.2 million,3243,3.2 million,5499,2.3,3.8,1.7,3.5,between 0 and 2.5
8.48,-13.23,null,Africa,Sierra Leone,Freetown,"Sierra Leone, Freetown",City Proper,690,0.7 million,1029,1.0 million,1470,2.5,2.5,16,39.7,between 2.5 and 5
8.51,76.96,null,Asia,India,Thiruvananthapuram,"India, Thiruvananthapuram",Urban Agglomeration,1153,1.2 million,2029,2.0 million,2878,3.5,2.5,0.2,0.5,between 2.5 and 5
8.88,76.59,null,Asia,India,Kollam,"India, Kollam",Urban Agglomeration,611,0.6 million,1482,1.5 million,2246,5.5,3,0.1,0.3,5 or more
9,-79.52,null,North America,Panama,Ciudad de Panamá (Panama City),"Panama, Ciudad de Panamá (Panama City)",Urban Agglomeration,1216,1.2 million,1708,1.7 million,2221,2.1,1.9,42.2,63.1,between 0 and 2.5
9.02,38.75,null,Africa,Ethiopia,Addis Ababa,"Ethiopia, Addis Ababa",City Proper,2377,2.4 million,3316,3.3 million,5851,2.1,4.1,3.3,16.4,between 0 and 2.5
9.06,7.49,null,Africa,Nigeria,Abuja,"Nigeria, Abuja",Urban Agglomeration,833,0.8 million,2586,2.6 million,4913,7.1,4.6,1.4,2.8,5 or more
9.57,-13.65,null,Africa,Guinea,Conakry,"Guinea, Conakry",Urban Agglomeration,1221,1.2 million,1989,2.0 million,3134,3,3.2,15.7,41.7,between 2.5 and 5
9.93,-84.08,null,North America,Costa Rica,San José,"Costa Rica, San José",Urban Agglomeration,1032,1.0 million,1183,1.2 million,1501,0.9,1.7,23.4,30.1,between 0 and 2.5
9.93,76.26,null,Asia,India,Kochi (Cochin),"India, Kochi (Cochin)",Urban Agglomeration,1523,1.5 million,2484,2.5 million,3465,3.1,2.4,0.2,0.6,between 2.5 and 5
9.93,78.12,null,Asia,India,Madurai,"India, Madurai",Urban Agglomeration,1187,1.2 million,1623,1.6 million,2201,2,2.2,0.1,0.4,between 0 and 2.5
10.03,105.78,null,Asia,Vietnam,Can Tho,"Vietnam, Can Tho",City Proper,439,0.4 million,1242,1.2 million,1902,6.5,3,1.3,3.9,5 or more
10.07,-69.32,null,South America,Venezuela (Bolivarian Republic of),Barquisimeto,"Venezuela (Bolivarian Republic of), Barquisimeto",Metropolitan area,946,0.9 million,1044,1.0 million,1228,0.6,1.2,3.3,3.7,between 0 and 2.5
10.16,-68.01,null,South America,Venezuela (Bolivarian Republic of),Valencia,"Venezuela (Bolivarian Republic of), Valencia",Metropolitan area,1392,1.4 million,1757,1.8 million,2107,1.5,1.3,5.5,6.2,between 0 and 2.5
10.25,-67.6,null,South America,Venezuela (Bolivarian Republic of),Maracay,"Venezuela (Bolivarian Republic of), Maracay",Metropolitan area,898,0.9 million,1186,1.2 million,1450,1.7,1.4,3.7,4.2,between 0 and 2.5
10.4,-75.51,null,South America,Colombia,Cartagena,"Colombia, Cartagena",City Proper,737,0.7 million,1113,1.1 million,1372,2.6,1.5,2.2,2.9,between 2.5 and 5
10.49,-66.88,null,South America,Venezuela (Bolivarian Republic of),Caracas,"Venezuela (Bolivarian Republic of), Caracas",Metropolitan area,2864,2.9 million,2923,2.9 million,3347,0.1,1,9.2,10.3,between 0 and 2.5
10.52,76.22,null,Asia,India,Thrissur,"India, Thrissur",Urban Agglomeration,1050,1.1 million,2443,2.4 million,3651,5.3,2.9,0.2,0.6,5 or more
10.52,7.44,null,Africa,Nigeria,Kaduna,"Nigeria, Kaduna",City Proper,881,0.9 million,1064,1.1 million,1748,1.2,3.5,0.6,1.2,between 0 and 2.5
10.63,-71.64,null,South America,Venezuela (Bolivarian Republic of),Maracaibo,"Venezuela (Bolivarian Republic of), Maracaibo",Metropolitan area,1724,1.7 million,2229,2.2 million,2677,1.6,1.3,7,7.9,between 0 and 2.5
10.75,106.67,null,Asia,Vietnam,Thành Pho Ho Chí Minh (Ho Chi Minh City),"Vietnam, Thành Pho Ho Chí Minh (Ho Chi Minh City)",Urban Agglomeration,4389,4.4 million,7498,7.5 million,10200,3.3,2.2,8,23.3,between 2.5 and 5
10.81,78.69,null,Asia,India,Tiruchirappalli,"India, Tiruchirappalli",Urban Agglomeration,837,0.8 million,1125,1.1 million,1525,1.8,2.2,0.1,0.3,between 0 and 2.5
10.96,-74.8,null,South America,Colombia,Barranquilla,"Colombia, Barranquilla",Metropolitan area,1531,1.5 million,2009,2.0 million,2370,1.7,1.2,4,5.2,between 0 and 2.5
10.99,76.96,null,Asia,India,Coimbatore,"India, Coimbatore",Urban Agglomeration,1420,1.4 million,2641,2.6 million,3782,3.9,2.6,0.2,0.6,between 2.5 and 5
11.07,76.07,null,Asia,India,Malappuram,"India, Malappuram",Urban Agglomeration,875,0.9 million,2342,2.3 million,3600,6.2,3.1,0.2,0.5,5 or more
11.12,77.35,null,Asia,India,Tiruppur,"India, Tiruppur",Urban Agglomeration,523,0.5 million,1295,1.3 million,1974,5.7,3,0.1,0.3,5 or more
11.26,75.78,null,Asia,India,Kozhikode (Calicut),"India, Kozhikode (Calicut)",Urban Agglomeration,1237,1.2 million,2582,2.6 million,3776,4.6,2.7,0.2,0.6,between 2.5 and 5
11.56,104.92,null,Asia,Cambodia,Phnum Pénh (Phnom Penh),"Cambodia, Phnum Pénh (Phnom Penh)",Urban Agglomeration,1149,1.1 million,1779,1.8 million,2584,2.7,2.7,11.2,53.3,between 2.5 and 5
11.65,78.17,null,Asia,India,Salem,"India, Salem",Urban Agglomeration,736,0.7 million,1022,1.0 million,1394,2.1,2.2,0.1,0.2,between 0 and 2.5
11.87,75.37,null,Asia,India,Kannur,"India, Kannur",Urban Agglomeration,837,0.8 million,2278,2.3 million,3513,6.3,3.1,0.2,0.5,5 or more
12,8.52,null,Africa,Nigeria,Kano,"Nigeria, Kano",Urban Agglomeration,2602,2.6 million,3676,3.7 million,6198,2.2,3.7,1.9,4,between 0 and 2.5
12.11,15.04,null,Africa,Chad,N’Djaména,"Chad, N’Djaména",City Proper,703,0.7 million,1310,1.3 million,2347,3.9,4.2,9.4,41.3,between 2.5 and 5
12.3,76.64,null,Asia,India,Mysore,"India, Mysore",Urban Agglomeration,776,0.8 million,1105,1.1 million,1515,2.2,2.3,0.1,0.3,between 0 and 2.5
12.36,-1.54,null,Africa,Burkina Faso,Ouagadougou,"Burkina Faso, Ouagadougou",City Proper,921,0.9 million,2923,2.9 million,5854,7.2,5,15.9,51.7,5 or more
12.65,-8,null,Africa,Mali,Bamako,"Mali, Bamako",City Proper,1142,1.1 million,2651,2.7 million,5231,5.3,4.9,15.8,38.8,5 or more
12.97,77.59,null,Asia,India,Bangalore,"India, Bangalore",Urban Agglomeration,5567,5.6 million,10456,10.5 million,14762,3.9,2.5,0.8,2.4,between 2.5 and 5
13.51,2.11,null,Africa,Niger,Niamey,"Niger, Niamey",City Proper,696,0.7 million,1125,1.1 million,2363,3,5.3,5.6,29.5,between 2.5 and 5
13.6,100.6,null,Asia,Thailand,Samut Prakan,"Thailand, Samut Prakan",City Proper,389,0.4 million,1980,2.0 million,3139,10.2,3.3,2.9,5.7,5 or more
13.69,-89.19,null,North America,El Salvador,San Salvador,"El Salvador, San Salvador",Metropolitan area,1062,1.1 million,1102,1.1 million,1254,0.2,0.9,17,25.4,between 0 and 2.5
13.72,100.53,null,Asia,Thailand,Krung Thep (Bangkok),"Thailand, Krung Thep (Bangkok)",Metropolitan area,6360,6.4 million,9444,9.4 million,11528,2.5,1.4,14,27.1,between 2.5 and 5
14.08,-87.21,null,North America,Honduras,Tegucigalpa,"Honduras, Tegucigalpa",City Proper,752,0.8 million,1146,1.1 million,1613,2.6,2.4,13.3,24.1,between 2.5 and 5
14.6,120.98,null,Asia,Philippines,Manila,"Philippines, Manila",Urban Agglomeration,9962,10.0 million,13131,13.1 million,16756,1.7,1.7,12.7,28.6,between 0 and 2.5
14.61,-90.53,null,North America,Guatemala,Ciudad de Guatemala (Guatemala City),"Guatemala, Ciudad de Guatemala (Guatemala City)",Urban Agglomeration,1973,2.0 million,2994,3.0 million,4650,2.6,3.1,18,34.6,between 2.5 and 5
14.69,-17.44,null,Africa,Senegal,Dakar,"Senegal, Dakar",Urban Agglomeration,2029,2.0 million,3653,3.7 million,6046,3.7,3.6,23.7,53.9,between 2.5 and 5
15.35,44.21,null,Asia,Yemen,Sana’a’,"Yemen, Sana’a’",Urban Agglomeration,1347,1.3 million,3094,3.1 million,5071,5.2,3.5,11.9,33.7,5 or more
15.46,75.01,null,Asia,India,Hubli-Dharwad,"India, Hubli-Dharwad",City Proper,776,0.8 million,1037,1.0 million,1405,1.8,2.2,0.1,0.2,between 0 and 2.5
15.55,32.53,null,Africa,Sudan,Al-Khartum (Khartoum),"Sudan, Al-Khartum (Khartoum)",Urban Agglomeration,3505,3.5 million,5265,5.3 million,8158,2.5,3.1,13,38.2,between 2.5 and 5
16.52,80.62,null,Asia,India,Vijayawada,"India, Vijayawada",Urban Agglomeration,999,1.0 million,1822,1.8 million,2614,3.8,2.6,0.1,0.4,between 2.5 and 5
16.81,96.16,null,Asia,Myanmar,Yangon,"Myanmar, Yangon",Urban Agglomeration,3553,3.6 million,4904,4.9 million,6578,2,2.1,9,25.9,between 0 and 2.5
17.38,78.47,null,Asia,India,Hyderabad,"India, Hyderabad",Urban Agglomeration,5445,5.4 million,9218,9.2 million,12774,3.3,2.3,0.7,2.1,between 2.5 and 5
17.68,83.21,null,Asia,India,Visakhapatnam,"India, Visakhapatnam",Urban Agglomeration,1309,1.3 million,1982,2.0 million,2733,2.6,2.3,0.2,0.5,between 2.5 and 5
17.97,102.6,null,Asia,Lao People’s Dem. Republic,Vientiane,"Lao People’s Dem. Republic, Vientiane",Urban Agglomeration,442,0.4 million,1050,1.1 million,1782,5.4,3.8,14.7,37,5 or more
18.47,-66.11,null,North America,Puerto Rico,San Juan,"Puerto Rico, San Juan",Metropolitan area,2508,2.5 million,2460,2.5 million,2468,-0.1,0,66.9,71.5,negative
18.49,-69.9,null,North America,Dominican Republic,Santo Domingo,"Dominican Republic, Santo Domingo",Urban Agglomeration,1997,2.0 million,3020,3.0 million,3888,2.6,1.8,28,35.1,between 2.5 and 5
18.52,73.86,null,Asia,India,Pune (Poona),"India, Pune (Poona)",Urban Agglomeration,3655,3.7 million,5882,5.9 million,8091,3,2.3,0.5,1.4,between 2.5 and 5
18.54,-72.34,null,North America,Haiti,Port-au-Prince,"Haiti, Port-au-Prince",Urban Agglomeration,1693,1.7 million,2507,2.5 million,3525,2.5,2.4,23.3,39,between 2.5 and 5
18.92,-99.25,null,North America,Mexico,Cuernavaca,"Mexico, Cuernavaca",Metropolitan area,803,0.8 million,1006,1.0 million,1211,1.4,1.3,0.8,1,between 0 and 2.5
19.04,-98.2,null,North America,Mexico,Puebla,"Mexico, Puebla",Metropolitan area,2285,2.3 million,3032,3.0 million,3628,1.8,1.3,2.4,3,between 0 and 2.5
19.07,72.88,null,Asia,India,Mumbai (Bombay),"India, Mumbai (Bombay)",Urban Agglomeration,16367,16.4 million,21357,21.4 million,27797,1.7,1.9,1.6,5,between 0 and 2.5
19.28,-99.66,null,North America,Mexico,Toluca de Lerdo,"Mexico, Toluca de Lerdo",Metropolitan area,1553,1.6 million,2207,2.2 million,2690,2.2,1.4,1.7,2.2,between 0 and 2.5
19.43,-99.14,null,North America,Mexico,Ciudad de México (Mexico City),"Mexico, Ciudad de México (Mexico City)",Metropolitan area,18457,18.5 million,21157,21.2 million,23865,0.9,0.9,16.7,21,between 0 and 2.5
19.75,96.13,null,Asia,Myanmar,Nay Pyi Taw,"Myanmar, Nay Pyi Taw",City Proper,—,#VALUE!,1045,1.0 million,1398,..,2.1,1.9,5.5,null
19.88,75.34,null,Asia,India,Aurangabad,"India, Aurangabad",Urban Agglomeration,868,0.9 million,1380,1.4 million,1925,2.9,2.4,0.1,0.3,between 2.5 and 5
19.98,73.8,null,Asia,India,Nashik,"India, Nashik",Urban Agglomeration,1117,1.1 million,1829,1.8 million,2556,3.1,2.4,0.1,0.4,between 2.5 and 5
20.23,85.83,null,Asia,India,Bhubaneswar,"India, Bhubaneswar",Urban Agglomeration,637,0.6 million,1026,1.0 million,1439,3,2.4,0.1,0.2,between 2.5 and 5
20.6,-100.38,null,North America,Mexico,Querétaro,"Mexico, Querétaro",Metropolitan area,825,0.8 million,1300,1.3 million,1630,2.8,1.6,1,1.3,between 2.5 and 5
20.67,-103.33,null,North America,Mexico,Guadalajara,"Mexico, Guadalajara",Metropolitan area,3724,3.7 million,4920,4.9 million,5837,1.7,1.2,3.9,4.9,between 0 and 2.5
20.86,106.68,null,Asia,Vietnam,Hai Phòng,"Vietnam, Hai Phòng",Urban Agglomeration,599,0.6 million,1110,1.1 million,1569,3.9,2.5,1.2,3.4,between 2.5 and 5
20.97,-89.62,null,North America,Mexico,Mérida,"Mexico, Mérida",Metropolitan area,810,0.8 million,1086,1.1 million,1323,1.8,1.4,0.9,1.1,between 0 and 2.5
21.02,105.84,null,Asia,Vietnam,Hà Noi,"Vietnam, Hà Noi",Urban Agglomeration,1660,1.7 million,3790,3.8 million,5498,5.2,2.7,4,11.8,5 or more
21.12,-101.68,null,North America,Mexico,León de los Aldamas,"Mexico, León de los Aldamas",Metropolitan area,1280,1.3 million,1845,1.8 million,2260,2.3,1.5,1.5,1.8,between 0 and 2.5
21.15,79.1,null,Asia,India,Nagpur,"India, Nagpur",Urban Agglomeration,2089,2.1 million,2715,2.7 million,3616,1.6,2,0.2,0.6,between 0 and 2.5
21.17,72.83,null,Asia,India,Surat,"India, Surat",Urban Agglomeration,2699,2.7 million,5902,5.9 million,8616,4.9,2.7,0.5,1.4,between 2.5 and 5
21.19,81.28,null,Asia,India,Durg-Bhilainagar,"India, Durg-Bhilainagar",Urban Agglomeration,905,0.9 million,1144,1.1 million,1529,1.5,2.1,0.1,0.3,between 0 and 2.5
21.23,81.63,null,Asia,India,Raipur,"India, Raipur",Urban Agglomeration,680,0.7 million,1433,1.4 million,2116,4.7,2.8,0.1,0.3,between 2.5 and 5
21.27,110.36,null,Asia,China,Zhanjiang,"China, Zhanjiang",Urban Agglomeration,818,0.8 million,1172,1.2 million,1476,2.2,1.7,0.1,0.1,between 0 and 2.5
21.42,39.82,null,Asia,Saudi Arabia,Makkah (Mecca),"Saudi Arabia, Makkah (Mecca)",City Proper,1168,1.2 million,1799,1.8 million,2146,2.7,1.3,5.9,7.1,between 2.5 and 5
21.52,39.22,null,Asia,Saudi Arabia,Jiddah,"Saudi Arabia, Jiddah",City Proper,2509,2.5 million,4161,4.2 million,4988,3.2,1.3,13.7,16.4,between 2.5 and 5
21.88,-102.3,null,North America,Mexico,Aguascalientes,"Mexico, Aguascalientes",Metropolitan area,763,0.8 million,1050,1.1 million,1287,2,1.5,0.8,1,between 0 and 2.5
21.97,96.08,null,Asia,Myanmar,Mandalay,"Myanmar, Mandalay",Urban Agglomeration,810,0.8 million,1196,1.2 million,1654,2.4,2.3,2.2,6.3,between 0 and 2.5
22.15,-100.98,null,North America,Mexico,San Luis Potosí,"Mexico, San Luis Potosí",Metropolitan area,857,0.9 million,1168,1.2 million,1426,1.9,1.4,0.9,1.2,between 0 and 2.5
22.28,113.57,null,Asia,China,Zhuhai,"China, Zhuhai",Urban Agglomeration,1004,1.0 million,1578,1.6 million,2003,2.8,1.7,0.1,0.2,between 2.5 and 5
22.28,114.19,null,Asia,"China, Hong Kong SAR",Hong Kong,"China, Hong Kong SAR, Hong Kong",Urban Agglomeration,6835,6.8 million,7365,7.4 million,7885,0.5,0.5,100,100,between 0 and 2.5
22.3,70.78,null,Asia,India,Rajkot,"India, Rajkot",Urban Agglomeration,974,1.0 million,1647,1.6 million,2322,3.3,2.5,0.1,0.4,between 2.5 and 5
22.3,73.2,null,Asia,India,Vadodara,"India, Vadodara",Urban Agglomeration,1465,1.5 million,2011,2.0 million,2716,2,2.1,0.2,0.5,between 0 and 2.5
22.33,91.84,null,Asia,Bangladesh,Chittagong,"Bangladesh, Chittagong",Metropolitan area,3308,3.3 million,4640,4.6 million,6719,2.1,2.6,2.9,8.2,between 0 and 2.5
22.52,113.38,null,Asia,China,Zhongshan,"China, Zhongshan",Urban Agglomeration,1376,1.4 million,3908,3.9 million,5518,6.5,2.5,0.3,0.5,5 or more
22.53,88.36,null,Asia,India,Kolkata (Calcutta),"India, Kolkata (Calcutta)",Urban Agglomeration,13058,13.1 million,14980,15.0 million,19092,0.9,1.7,1.2,3.5,between 0 and 2.5
22.54,114.06,null,Asia,China,Shenzhen,"China, Shenzhen",Urban Agglomeration,6550,6.6 million,10828,10.8 million,12673,3.1,1.1,0.8,1.4,between 2.5 and 5
22.63,120.32,null,Asia,China,Kaohsiung,"China, Kaohsiung",Urban Agglomeration,1488,1.5 million,1525,1.5 million,1796,0.2,1.2,0.1,0.2,between 0 and 2.5
22.72,75.83,null,Asia,India,Indore,"India, Indore",Urban Agglomeration,1597,1.6 million,2503,2.5 million,3459,2.8,2.3,0.2,0.6,between 2.5 and 5
22.8,86.18,null,Asia,India,Jamshedpur,"India, Jamshedpur",Urban Agglomeration,1081,1.1 million,1477,1.5 million,2000,2,2.2,0.1,0.3,between 0 and 2.5
22.81,89.56,null,Asia,Bangladesh,Khulna,"Bangladesh, Khulna",Metropolitan area,1247,1.2 million,1013,1.0 million,1336,-1.3,2,0.6,1.8,negative
22.82,108.32,null,Asia,China,Nanning,"China, Nanning",Urban Agglomeration,1624,1.6 million,3358,3.4 million,4438,4.5,2,0.2,0.4,between 2.5 and 5
23.02,113.74,null,Asia,China,Dongguan,"China, Dongguan",Urban Agglomeration,3631,3.6 million,7469,7.5 million,8701,4.5,1.1,0.5,0.9,between 2.5 and 5
23.02,113.12,null,Asia,China,Foshan,"China, Foshan",Urban Agglomeration,3832,3.8 million,7089,7.1 million,8353,3.8,1.2,0.5,0.9,between 2.5 and 5
23.03,72.62,null,Asia,India,Ahmadabad,"India, Ahmadabad",Urban Agglomeration,4427,4.4 million,7571,7.6 million,10527,3.4,2.4,0.6,1.8,between 2.5 and 5
23.12,-82.38,null,North America,Cuba,La Habana (Havana),"Cuba, La Habana (Havana)",Metropolitan area,2186,2.2 million,2129,2.1 million,2104,-0.2,-0.1,18.9,24.5,negative
23.13,113.26,null,Asia,China,"Guangzhou, Guangdong","China, Guangzhou, Guangdong",Urban Agglomeration,7330,7.3 million,13070,13.1 million,17574,3.6,2.1,0.9,1.6,between 2.5 and 5
23.17,79.95,null,Asia,India,Jabalpur,"India, Jabalpur",Urban Agglomeration,1100,1.1 million,1352,1.4 million,1795,1.3,2,0.1,0.3,between 0 and 2.5
23.27,77.4,null,Asia,India,Bhopal,"India, Bhopal",Urban Agglomeration,1426,1.4 million,2151,2.2 million,2959,2.6,2.3,0.2,0.5,between 2.5 and 5
23.3,116.16,null,Asia,China,Puning,"China, Puning",Urban Agglomeration,603,0.6 million,1032,1.0 million,1336,3.4,1.8,0.1,0.1,between 2.5 and 5
23.35,85.33,null,Asia,India,Ranchi,"India, Ranchi",Urban Agglomeration,844,0.8 million,1293,1.3 million,1793,2.7,2.3,0.1,0.3,between 2.5 and 5
23.37,116.71,null,Asia,China,Shantou,"China, Shantou",Urban Agglomeration,2931,2.9 million,4011,4.0 million,4899,2,1.4,0.3,0.5,between 0 and 2.5
23.67,116.64,null,Asia,China,Chaozhou,"China, Chaozhou",Urban Agglomeration,691,0.7 million,1349,1.3 million,1650,4.2,1.4,0.1,0.2,between 2.5 and 5
23.68,86.98,null,Asia,India,Asansol,"India, Asansol",Urban Agglomeration,1065,1.1 million,1330,1.3 million,1768,1.4,2,0.1,0.3,between 0 and 2.5
23.71,90.41,null,Asia,Bangladesh,Dhaka,"Bangladesh, Dhaka",Metropolitan area,10285,10.3 million,18237,18.2 million,27374,3.6,2.9,11.2,32.1,between 2.5 and 5
23.8,86.45,null,Asia,India,Dhanbad,"India, Dhanbad",Urban Agglomeration,1046,1.0 million,1269,1.3 million,1680,1.2,2,0.1,0.3,between 0 and 2.5
24.14,120.67,null,Asia,China,Taichung,"China, Taichung",Urban Agglomeration,978,1.0 million,1241,1.2 million,1528,1.5,1.5,0.1,0.2,between 0 and 2.5
24.3,109.38,null,Asia,China,Liuzhou,"China, Liuzhou",Urban Agglomeration,1027,1.0 million,1663,1.7 million,2137,3,1.8,0.1,0.2,between 2.5 and 5
24.46,39.61,null,Asia,Saudi Arabia,Al-Madinah (Medina),"Saudi Arabia, Al-Madinah (Medina)",City Proper,795,0.8 million,1303,1.3 million,1570,3.1,1.3,4.3,5.1,between 2.5 and 5
24.46,54.36,null,Asia,United Arab Emirates,Abu Zaby (Abu Dhabi),"United Arab Emirates, Abu Zaby (Abu Dhabi)",City Proper,505,0.5 million,1179,1.2 million,1608,5.3,2.2,12.1,14.1,5 or more
24.48,118.08,null,Asia,China,Xiamen,"China, Xiamen",Urban Agglomeration,1416,1.4 million,4738,4.7 million,6911,7.5,2.7,0.3,0.6,5 or more
24.69,46.71,null,Asia,Saudi Arabia,Ar-Riyadh (Riyadh),"Saudi Arabia, Ar-Riyadh (Riyadh)",City Proper,3567,3.6 million,6540,6.5 million,7940,3.8,1.4,21.5,25.8,between 2.5 and 5
24.9,118.6,null,Asia,China,Quanzhou,"China, Quanzhou",Urban Agglomeration,728,0.7 million,1447,1.4 million,1928,4.3,2,0.1,0.2,between 2.5 and 5
24.91,67.08,null,Asia,Pakistan,Karachi,"Pakistan, Karachi",Urban Agglomeration,10032,10.0 million,17121,17.1 million,24838,3.3,2.7,9,22.8,between 2.5 and 5
25.04,102.72,null,Asia,China,Kunming,"China, Kunming",Urban Agglomeration,2600,2.6 million,3860,3.9 million,4805,2.5,1.6,0.3,0.5,between 2.5 and 5
25.05,121.55,null,Asia,China,Taipei,"China, Taipei",Urban Agglomeration,2630,2.6 million,2669,2.7 million,3116,0.1,1.1,0.2,0.3,between 0 and 2.5
25.17,75.86,null,Asia,India,Kota,"India, Kota",Urban Agglomeration,692,0.7 million,1200,1.2 million,1710,3.4,2.5,0.1,0.3,between 2.5 and 5
25.27,55.31,null,Asia,United Arab Emirates,Dubayy (Dubai),"United Arab Emirates, Dubayy (Dubai)",Urban Agglomeration,907,0.9 million,2504,2.5 million,3471,6.3,2.3,25.7,29.9,5 or more
25.28,110.29,null,Asia,China,Guilin,"China, Guilin",Urban Agglomeration,805,0.8 million,1056,1.1 million,1310,1.7,1.5,0.1,0.1,between 0 and 2.5
25.32,82.98,null,Asia,India,Varanasi (Benares),"India, Varanasi (Benares)",Urban Agglomeration,1199,1.2 million,1566,1.6 million,2102,1.7,2.1,0.1,0.4,between 0 and 2.5
25.36,55.4,null,Asia,United Arab Emirates,Sharjah,"United Arab Emirates, Sharjah",City Proper,445,0.4 million,1332,1.3 million,1890,6.9,2.5,13.7,15.9,5 or more
25.37,68.37,null,Asia,Pakistan,Hyderabad,"Pakistan, Hyderabad",Urban Agglomeration,1221,1.2 million,1812,1.8 million,2613,2.5,2.6,0.9,2.4,between 2.5 and 5
25.44,119.01,null,Asia,China,Putian,"China, Putian",Urban Agglomeration,613,0.6 million,1512,1.5 million,2111,5.6,2.4,0.1,0.2,5 or more
25.45,81.85,null,Asia,India,Allahabad,"India, Allahabad",Urban Agglomeration,1035,1.0 million,1313,1.3 million,1755,1.5,2.1,0.1,0.3,between 0 and 2.5
25.54,-103.46,null,North America,Mexico,Torreón,"Mexico, Torreón",Metropolitan area,1014,1.0 million,1354,1.4 million,1643,1.8,1.4,1.1,1.3,between 0 and 2.5
25.6,85.12,null,Asia,India,Patna,"India, Patna",Urban Agglomeration,1658,1.7 million,2247,2.2 million,3016,1.9,2.1,0.2,0.5,between 0 and 2.5
25.67,-100.32,null,North America,Mexico,Monterrey,"Mexico, Monterrey",Metropolitan area,3405,3.4 million,4589,4.6 million,5471,1.9,1.3,3.6,4.6,between 0 and 2.5
25.79,-80.2,null,North America,United States of America,Miami,"United States of America, Miami",Urban Agglomeration,4933,4.9 million,5864,5.9 million,6554,1.1,0.8,1.8,2.2,between 0 and 2.5
26.08,119.3,null,Asia,China,"Fuzhou, Fujian","China, Fuzhou, Fujian",Urban Agglomeration,2009,2.0 million,3380,3.4 million,4335,3.3,1.8,0.2,0.4,between 2.5 and 5
26.17,91.75,null,Asia,India,Guwahati (Gauhati),"India, Guwahati (Gauhati)",Urban Agglomeration,797,0.8 million,1059,1.1 million,1430,1.8,2.1,0.1,0.2,between 0 and 2.5
26.22,78.18,null,Asia,India,Gwalior,"India, Gwalior",Urban Agglomeration,855,0.9 million,1248,1.2 million,1718,2.4,2.3,0.1,0.3,between 0 and 2.5
26.24,73.02,null,Asia,India,Jodhpur,"India, Jodhpur",Urban Agglomeration,842,0.8 million,1318,1.3 million,1837,2.8,2.4,0.1,0.3,between 2.5 and 5
26.43,50.1,null,Asia,Saudi Arabia,Ad-Dammam,"Saudi Arabia, Ad-Dammam",City Proper,639,0.6 million,1085,1.1 million,1321,3.3,1.4,3.6,4.3,between 2.5 and 5
26.47,80.35,null,Asia,India,Kanpur,"India, Kanpur",Urban Agglomeration,2641,2.6 million,3044,3.0 million,3950,0.9,1.9,0.2,0.7,between 0 and 2.5
26.58,106.72,null,Asia,China,Guiyang,"China, Guiyang",Urban Agglomeration,1860,1.9 million,2944,2.9 million,3734,2.9,1.7,0.2,0.4,between 2.5 and 5
26.85,80.92,null,Asia,India,Lucknow,"India, Lucknow",Urban Agglomeration,2221,2.2 million,3295,3.3 million,4493,2.5,2.2,0.3,0.8,between 2.5 and 5
26.92,75.82,null,Asia,India,Jaipur,"India, Jaipur",Urban Agglomeration,2259,2.3 million,3549,3.5 million,4885,2.8,2.3,0.3,0.8,between 2.5 and 5
27.18,78.02,null,Asia,India,Agra,"India, Agra",Urban Agglomeration,1293,1.3 million,2017,2.0 million,2793,2.8,2.3,0.2,0.5,between 2.5 and 5
27.7,85.32,null,Asia,Nepal,Kathmandu,"Nepal, Kathmandu",City Proper,644,0.6 million,1224,1.2 million,1855,4,3,4.3,22.4,between 2.5 and 5
27.78,120.68,null,Asia,China,Ruian,"China, Ruian",Urban Agglomeration,555,0.6 million,1005,1.0 million,1326,3.7,2,0.1,0.1,between 2.5 and 5
27.83,112.93,null,Asia,China,"Xiangtan, Hunan","China, Xiangtan, Hunan",Urban Agglomeration,698,0.7 million,1032,1.0 million,1311,2.4,1.7,0.1,0.1,between 0 and 2.5
27.83,113.15,null,Asia,China,Zhuzhou,"China, Zhuzhou",Urban Agglomeration,819,0.8 million,1100,1.1 million,1369,1.8,1.6,0.1,0.1,between 0 and 2.5
27.88,78.08,null,Asia,India,Aligarh,"India, Aligarh",Urban Agglomeration,653,0.7 million,1067,1.1 million,1502,3.1,2.4,0.1,0.2,between 2.5 and 5
27.95,-82.46,null,North America,United States of America,Tampa-St. Petersburg,"United States of America, Tampa-St. Petersburg",Urban Agglomeration,2071,2.1 million,2694,2.7 million,3105,1.6,1,0.8,1,between 0 and 2.5
28,120.67,null,Asia,China,Wenzhou,"China, Wenzhou",Urban Agglomeration,1565,1.6 million,3319,3.3 million,4336,4.7,1.9,0.2,0.4,between 2.5 and 5
28.23,112.94,null,Asia,China,Changsha,"China, Changsha",Urban Agglomeration,2182,2.2 million,3882,3.9 million,5013,3.6,1.8,0.3,0.5,between 2.5 and 5
28.35,79.42,null,Asia,India,Bareilly,"India, Bareilly",Urban Agglomeration,722,0.7 million,1141,1.1 million,1598,2.9,2.4,0.1,0.3,between 2.5 and 5
28.54,-81.38,null,North America,United States of America,Orlando,"United States of America, Orlando",Urban Agglomeration,1165,1.2 million,1769,1.8 million,2115,2.6,1.3,0.5,0.7,between 2.5 and 5
28.64,121.42,null,Asia,China,"Taizhou, Zhejiang","China, Taizhou, Zhejiang",City Proper,992,1.0 million,1695,1.7 million,2189,3.4,1.8,0.1,0.2,between 2.5 and 5
28.67,77.22,null,Asia,India,Delhi,"India, Delhi",Urban Agglomeration,15732,15.7 million,26454,26.5 million,36060,3.2,2.2,2,6.2,between 2.5 and 5
28.68,115.88,null,Asia,China,Nanchang,"China, Nanchang",Urban Agglomeration,1648,1.6 million,2590,2.6 million,3285,2.8,1.7,0.2,0.3,between 2.5 and 5
28.83,78.78,null,Asia,India,Moradabad,"India, Moradabad",Urban Agglomeration,626,0.6 million,1054,1.1 million,1493,3.3,2.5,0.1,0.2,between 2.5 and 5
28.97,77.72,null,Asia,India,Meerut,"India, Meerut",Urban Agglomeration,1143,1.1 million,1579,1.6 million,2140,2,2.2,0.1,0.4,between 0 and 2.5
29.08,119.65,null,Asia,China,Jinhua,"China, Jinhua",Urban Agglomeration,353,0.4 million,1030,1.0 million,1495,6.7,2.7,0.1,0.1,5 or more
29.32,120.08,null,Asia,China,Yiwu,"China, Yiwu",Urban Agglomeration,532,0.5 million,1124,1.1 million,1520,4.7,2.2,0.1,0.1,between 2.5 and 5
29.35,47.98,null,Asia,Kuwait,Al Kuwayt (Kuwait City),"Kuwait, Al Kuwayt (Kuwait City)",City Proper,1300,1.3 million,2874,2.9 million,3915,5,2.2,78.1,79.4,5 or more
29.42,-98.49,null,North America,United States of America,San Antonio,"United States of America, San Antonio",Urban Agglomeration,1337,1.3 million,2077,2.1 million,2488,2.8,1.3,0.6,0.8,between 2.5 and 5
29.56,106.55,null,Asia,China,Chongqing,"China, Chongqing",Urban Agglomeration,7863,7.9 million,13744,13.7 million,17380,3.5,1.7,1,1.7,between 2.5 and 5
29.6,52.54,null,Asia,Iran (Islamic Republic of),Shiraz,"Iran (Islamic Republic of), Shiraz",City Proper,1115,1.1 million,1716,1.7 million,2233,2.7,1.9,2.1,2.9,between 2.5 and 5
29.76,-95.37,null,North America,United States of America,Houston,"United States of America, Houston",Urban Agglomeration,3847,3.8 million,5757,5.8 million,6729,2.5,1.1,1.8,2.1,between 2.5 and 5
29.88,121.55,null,Asia,China,Ningbo,"China, Ningbo",Urban Agglomeration,1643,1.6 million,3250,3.3 million,4290,4.3,2,0.2,0.4,between 2.5 and 5
30.01,120.57,null,Asia,China,Shaoxing,"China, Shaoxing",Urban Agglomeration,1124,1.1 million,2151,2.2 million,2841,4.1,2,0.2,0.3,between 2.5 and 5
30.04,31.24,null,Africa,Egypt,Al-Qahirah (Cairo),"Egypt, Al-Qahirah (Cairo)",Metropolitan area,13626,13.6 million,19128,19.1 million,24502,2.1,1.8,22.2,51.5,between 0 and 2.5
30.18,121.25,null,Asia,China,Cixi,"China, Cixi",Urban Agglomeration,650,0.7 million,1356,1.4 million,1829,4.6,2.1,0.1,0.2,between 2.5 and 5
30.18,71.48,null,Asia,Pakistan,Multan,"Pakistan, Multan",Urban Agglomeration,1263,1.3 million,1969,2.0 million,2866,2.8,2.7,1,2.6,between 2.5 and 5
30.18,71.48,null,Asia,Pakistan,Multan,"Pakistan, Multan",Urban Agglomeration,1263,1.3 million,1969,2.0 million,2866,2.8,2.7,1,2.6,between 2.5 and 5
30.2,67.01,null,Asia,Pakistan,Quetta,"Pakistan, Quetta",Urban Agglomeration,615,0.6 million,1148,1.1 million,1740,3.9,3,0.6,1.5,between 2.5 and 5
30.2,67.01,null,Asia,Pakistan,Quetta,"Pakistan, Quetta",Urban Agglomeration,615,0.6 million,1148,1.1 million,1740,3.9,3,0.6,1.5,between 2.5 and 5
30.27,-97.74,null,North America,United States of America,Austin,"United States of America, Austin",Urban Agglomeration,911,0.9 million,1744,1.7 million,2182,4.1,1.6,0.5,0.7,between 2.5 and 5
30.33,-81.66,null,North America,United States of America,"Jacksonville, Florida","United States of America, Jacksonville, Florida",Urban Agglomeration,886,0.9 million,1190,1.2 million,1398,1.8,1.2,0.4,0.4,between 0 and 2.5
30.5,47.81,null,Asia,Iraq,Al-Basrah (Basra),"Iraq, Al-Basrah (Basra)",City Proper,759,0.8 million,1041,1.0 million,1491,2,2.6,2.8,4.1,between 0 and 2.5
30.58,114.27,null,Asia,China,Wuhan,"China, Wuhan",Urban Agglomeration,6638,6.6 million,7979,8.0 million,9442,1.2,1.2,0.6,1,between 0 and 2.5
30.67,104.07,null,Asia,China,Chengdu,"China, Chengdu",Urban Agglomeration,4222,4.2 million,7820,7.8 million,10104,3.9,1.8,0.6,1,between 2.5 and 5
30.71,111.28,null,Asia,China,Yichang,"China, Yichang",Urban Agglomeration,692,0.7 million,1310,1.3 million,1743,4,2,0.1,0.2,between 2.5 and 5
30.73,76.79,null,Asia,India,Chandigarh,"India, Chandigarh",Urban Agglomeration,791,0.8 million,1159,1.2 million,1595,2.4,2.3,0.1,0.3,between 0 and 2.5
30.77,120.75,null,Asia,China,Jiaxing,"China, Jiaxing",Urban Agglomeration,440,0.4 million,1016,1.0 million,1408,5.2,2.3,0.1,0.1,5 or more
30.77,120.75,null,Asia,China,Jiaxing,"China, Jiaxing",Urban Agglomeration,440,0.4 million,1016,1.0 million,1408,5.2,2.3,0.1,0.1,5 or more
30.8,106.08,null,Asia,China,Nanchong,"China, Nanchong",Urban Agglomeration,606,0.6 million,1084,1.1 million,1426,3.6,2,0.1,0.1,between 2.5 and 5
30.9,75.85,null,Asia,India,Ludhiana,"India, Ludhiana",Urban Agglomeration,1368,1.4 million,1739,1.7 million,2316,1.5,2,0.1,0.4,between 0 and 2.5
31.19,29.9,null,Africa,Egypt,Al-Iskandariyah (Alexandria),"Egypt, Al-Iskandariyah (Alexandria)",City Proper,3546,3.5 million,4863,4.9 million,6313,2,1.9,5.7,13.1,between 0 and 2.5
31.22,121.46,null,Asia,China,Shanghai,"China, Shanghai",City Proper,13959,14.0 million,24484,24.5 million,30751,3.5,1.6,1.7,3.1,between 2.5 and 5
31.3,120.59,null,Asia,China,"Suzhou, Jiangsu","China, Suzhou, Jiangsu",Urban Agglomeration,2112,2.1 million,5788,5.8 million,8098,6.3,2.4,0.4,0.7,5 or more
31.32,48.67,null,Asia,Iran (Islamic Republic of),Ahvaz,"Iran (Islamic Republic of), Ahvaz",City Proper,868,0.9 million,1245,1.2 million,1575,2.3,1.7,1.5,2.1,between 0 and 2.5
31.33,118.38,null,Asia,China,"Wuhu, Anhui","China, Wuhu, Anhui",Urban Agglomeration,634,0.6 million,1495,1.5 million,2074,5.4,2.3,0.1,0.2,5 or more
31.42,73.08,null,Asia,Pakistan,Faisalabad,"Pakistan, Faisalabad",Urban Agglomeration,2142,2.1 million,3677,3.7 million,5419,3.4,2.8,1.9,4.9,between 2.5 and 5
31.48,104.74,null,Asia,China,"Mianyang, Sichuan","China, Mianyang, Sichuan",Urban Agglomeration,758,0.8 million,1085,1.1 million,1364,2.2,1.6,0.1,0.1,between 0 and 2.5
31.54,120.3,null,Asia,China,"Wuxi, Jiangsu","China, Wuxi, Jiangsu",Urban Agglomeration,1835,1.8 million,3109,3.1 million,3862,3.3,1.5,0.2,0.4,between 2.5 and 5
31.55,74.34,null,Asia,Pakistan,Lahore,"Pakistan, Lahore",Urban Agglomeration,5452,5.5 million,8990,9.0 million,13033,3.1,2.7,4.7,12,between 2.5 and 5
31.63,74.88,null,Asia,India,Amritsar,"India, Amritsar",Urban Agglomeration,990,1.0 million,1283,1.3 million,1721,1.6,2.1,0.1,0.3,between 0 and 2.5
31.63,-8.01,null,Africa,Morocco,Marrakech,"Morocco, Marrakech",City Proper,751,0.8 million,1168,1.2 million,1572,2.8,2.1,3.4,5.6,between 2.5 and 5
31.73,-106.48,null,North America,Mexico,Ciudad Juárez,"Mexico, Ciudad Juárez",Metropolitan area,1223,1.2 million,1401,1.4 million,1650,0.9,1.2,1.1,1.4,between 0 and 2.5
31.79,119.96,null,Asia,China,"Changzhou, Jiangsu","China, Changzhou, Jiangsu",Urban Agglomeration,1478,1.5 million,2653,2.7 million,3381,3.7,1.7,0.2,0.3,between 2.5 and 5
31.96,35.95,null,Asia,Jordan,Amman,"Jordan, Amman",City Proper,1017,1.0 million,1159,1.2 million,1355,0.8,1.1,14.8,17.7,between 0 and 2.5
31.99,120.87,null,Asia,China,Nantong,"China, Nantong",Urban Agglomeration,1006,1.0 million,2058,2.1 million,2755,4.5,2.1,0.1,0.3,between 2.5 and 5
32.01,112.14,null,Asia,China,Xiangyang,"China, Xiangyang",Urban Agglomeration,1202,1.2 million,1554,1.6 million,1907,1.6,1.5,0.1,0.2,between 0 and 2.5
32.05,118.79,null,Asia,China,"Nanjing, Jiangsu","China, Nanjing, Jiangsu",Urban Agglomeration,4279,4.3 million,7609,7.6 million,9754,3.6,1.8,0.5,1,between 2.5 and 5
32.08,34.78,null,Asia,Israel,Tel Aviv-Yafo (Tel Aviv-Jaffa),"Israel, Tel Aviv-Yafo (Tel Aviv-Jaffa)",Metropolitan area,2739,2.7 million,3661,3.7 million,4382,1.8,1.3,45.6,49.5,between 0 and 2.5
32.15,74.18,null,Asia,Pakistan,Gujranwala,"Pakistan, Gujranwala",Urban Agglomeration,1226,1.2 million,2193,2.2 million,3274,3.6,2.9,1.1,2.9,between 2.5 and 5
32.2,119.45,null,Asia,China,"Zhenjiang, Jiangsu","China, Zhenjiang, Jiangsu",Urban Agglomeration,743,0.7 million,1070,1.1 million,1349,2.3,1.7,0.1,0.1,between 0 and 2.5
32.39,119.42,null,Asia,China,Yangzhou,"China, Yangzhou",Urban Agglomeration,1217,1.2 million,1803,1.8 million,2269,2.5,1.6,0.1,0.2,between 2.5 and 5
32.49,119.9,null,Asia,China,"Taizhou, Jiangsu","China, Taizhou, Jiangsu",Urban Agglomeration,784,0.8 million,1211,1.2 million,1541,2.7,1.7,0.1,0.2,between 2.5 and 5
32.53,-117.02,null,North America,Mexico,Tijuana,"Mexico, Tijuana",Metropolitan area,1365,1.4 million,2032,2.0 million,2502,2.5,1.5,1.6,2,between 2.5 and 5
32.65,-115.47,null,North America,Mexico,Mexicali,"Mexico, Mexicali",Metropolitan area,770,0.8 million,1053,1.1 million,1288,2,1.4,0.8,1,between 0 and 2.5
32.66,51.68,null,Asia,Iran (Islamic Republic of),Esfahan,"Iran (Islamic Republic of), Esfahan",City Proper,1382,1.4 million,1915,1.9 million,2364,2,1.5,2.4,3.2,between 0 and 2.5
32.72,-117.16,null,North America,United States of America,San Diego,"United States of America, San Diego",Urban Agglomeration,2681,2.7 million,3129,3.1 million,3522,1,0.8,1,1.2,between 0 and 2.5
32.73,-97.32,null,North America,United States of America,Dallas-Fort Worth,"United States of America, Dallas-Fort Worth",Urban Agglomeration,4168,4.2 million,5799,5.8 million,6683,2.1,1,1.8,2.2,between 0 and 2.5
32.81,34.99,null,Asia,Israel,Hefa (Haifa),"Israel, Hefa (Haifa)",Metropolitan area,905,0.9 million,1105,1.1 million,1314,1.2,1.2,13.8,14.9,between 0 and 2.5
32.88,13.19,null,Africa,Libya,Tarabulus (Tripoli),"Libya, Tarabulus (Tripoli)",City Proper,1022,1.0 million,1128,1.1 million,1333,0.6,1.2,17.6,22.4,between 0 and 2.5
33,112.53,null,Asia,China,"Nanyang, Henan","China, Nanyang, Henan",Urban Agglomeration,672,0.7 million,1035,1.0 million,1320,2.7,1.7,0.1,0.1,between 2.5 and 5
33.34,44.4,null,Asia,Iraq,Baghdad,"Iraq, Baghdad",Metropolitan area,5200,5.2 million,6811,6.8 million,9710,1.7,2.5,18.5,26.6,between 0 and 2.5
33.36,120.16,null,Asia,China,"Yancheng, Jiangsu","China, Yancheng, Jiangsu",Urban Agglomeration,671,0.7 million,1502,1.5 million,2059,5,2.3,0.1,0.2,5 or more
33.45,-112.07,null,North America,United States of America,Phoenix-Mesa,"United States of America, Phoenix-Mesa",Urban Agglomeration,2923,2.9 million,4135,4.1 million,4808,2.2,1.1,1.3,1.5,between 0 and 2.5
33.51,36.31,null,Asia,Syrian Arab Republic,Dimashq (Damascus),"Syrian Arab Republic, Dimashq (Damascus)",Urban Agglomeration,2017,2.0 million,2586,2.6 million,3451,1.6,2.1,11.4,19.6,between 0 and 2.5
33.59,-7.62,null,Africa,Morocco,Dar-el-Beida (Casablanca),"Morocco, Dar-el-Beida (Casablanca)",Urban Agglomeration,3134,3.1 million,3544,3.5 million,4361,0.8,1.5,10.3,17,between 0 and 2.5
33.6,73.07,null,Asia,Pakistan,Rawalpindi,"Pakistan, Rawalpindi",Urban Agglomeration,1521,1.5 million,2582,2.6 million,3809,3.3,2.8,1.4,3.4,between 2.5 and 5
33.6,73.07,null,Asia,Pakistan,Rawalpindi,"Pakistan, Rawalpindi",Urban Agglomeration,1521,1.5 million,2582,2.6 million,3809,3.3,2.8,1.4,3.4,between 2.5 and 5
33.61,130.42,null,Asia,Japan,Kitakyushu-Fukuoka M.M.A.,"Japan, Kitakyushu-Fukuoka M.M.A.",Metropolitan area,5421,5.4 million,5494,5.5 million,5355,0.1,-0.2,4.3,4.6,between 0 and 2.5
33.7,73.06,null,Asia,Pakistan,Islamabad,"Pakistan, Islamabad",City Proper,597,0.6 million,1433,1.4 million,2275,5.5,3.3,0.7,1.9,5 or more
33.74,113.3,null,Asia,China,"Pingdingshan, Henan","China, Pingdingshan, Henan",City Proper,632,0.6 million,1022,1.0 million,1323,3,1.8,0.1,0.1,between 2.5 and 5
33.76,-84.4,null,North America,United States of America,Atlanta,"United States of America, Atlanta",Urban Agglomeration,3522,3.5 million,5249,5.2 million,6140,2.5,1.1,1.6,2,between 2.5 and 5
33.9,35.48,null,Asia,Lebanon,Bayrut (Beirut),"Lebanon, Bayrut (Beirut)",Urban Agglomeration,1487,1.5 million,2263,2.3 million,2437,2.6,0.5,44.6,50.7,between 2.5 and 5
33.95,-117.4,null,North America,United States of America,Riverside-San Bernardino,"United States of America, Riverside-San Bernardino",Urban Agglomeration,1516,1.5 million,2239,2.2 million,2653,2.4,1.2,0.7,0.8,between 0 and 2.5
33.97,118.29,null,Asia,China,Suqian,"China, Suqian",Urban Agglomeration,397,0.4 million,1111,1.1 million,1591,6.4,2.6,0.1,0.1,5 or more
34,71.56,null,Asia,Pakistan,Peshawar,"Pakistan, Peshawar",Urban Agglomeration,1066,1.1 million,1787,1.8 million,2640,3.2,2.8,0.9,2.4,between 2.5 and 5
34,71.56,null,Asia,Pakistan,Peshawar,"Pakistan, Peshawar",Urban Agglomeration,1066,1.1 million,1787,1.8 million,2640,3.2,2.8,0.9,2.4,between 2.5 and 5
34.01,-6.83,null,Africa,Morocco,Rabat,"Morocco, Rabat",Urban Agglomeration,1507,1.5 million,2004,2.0 million,2574,1.8,1.8,5.8,9.6,between 0 and 2.5
34.03,-118.24,null,North America,United States of America,Los Angeles-Long Beach-Santa Ana,"United States of America, Los Angeles-Long Beach-Santa Ana",Urban Agglomeration,11798,11.8 million,12317,12.3 million,13257,0.3,0.5,3.8,4.6,between 0 and 2.5
34.04,-5,null,Africa,Morocco,Fès,"Morocco, Fès",Urban Agglomeration,868,0.9 million,1197,1.2 million,1559,2,1.9,3.5,5.7,between 0 and 2.5
34.08,74.8,null,Asia,India,Srinagar,"India, Srinagar",Urban Agglomeration,954,1.0 million,1464,1.5 million,2030,2.7,2.3,0.1,0.3,between 2.5 and 5
34.26,117.19,null,Asia,China,Xuzhou,"China, Xuzhou",Urban Agglomeration,1367,1.4 million,1956,2.0 million,2445,2.2,1.6,0.1,0.2,between 0 and 2.5
34.29,108.94,null,Asia,China,"Xi’an, Shaanxi","China, Xi’an, Shaanxi",Urban Agglomeration,3690,3.7 million,6220,6.2 million,7904,3.3,1.7,0.4,0.8,between 2.5 and 5
34.37,107.2,null,Asia,China,Baoji,"China, Baoji",Urban Agglomeration,638,0.6 million,1028,1.0 million,1329,3,1.8,0.1,0.1,between 2.5 and 5
34.39,132.46,null,Asia,Japan,Hiroshima,"Japan, Hiroshima",Metropolitan area,2044,2.0 million,2180,2.2 million,2213,0.4,0.1,1.7,1.8,between 0 and 2.5
34.53,69.17,null,Asia,Afghanistan,Kabul,"Afghanistan, Kabul",City Proper,2401,2.4 million,4842,4.8 million,8280,4.4,3.8,14.8,54.5,between 2.5 and 5
34.6,119.18,null,Asia,China,Lianyungang,"China, Lianyungang",Urban Agglomeration,567,0.6 million,1143,1.1 million,1542,4.4,2.1,0.1,0.1,between 2.5 and 5
34.62,112.46,null,Asia,China,Luoyang,"China, Luoyang",Urban Agglomeration,1213,1.2 million,2076,2.1 million,2688,3.4,1.8,0.1,0.3,between 2.5 and 5
34.64,50.88,null,Asia,Iran (Islamic Republic of),Qom,"Iran (Islamic Republic of), Qom",City Proper,843,0.8 million,1234,1.2 million,1568,2.4,1.7,1.5,2.1,between 0 and 2.5
34.68,135.55,null,Asia,Japan,Kinki M.M.A. (Osaka),"Japan, Kinki M.M.A. (Osaka)",Metropolitan area,18660,18.7 million,20337,20.3 million,19976,0.5,-0.1,16.1,17.1,between 0 and 2.5
34.73,36.72,null,Asia,Syrian Arab Republic,Hims (Homs),"Syrian Arab Republic, Hims (Homs)",Urban Agglomeration,856,0.9 million,1695,1.7 million,2471,4.3,2.7,7.4,12.8,between 2.5 and 5
34.76,113.65,null,Asia,China,Zhengzhou,"China, Zhengzhou",Urban Agglomeration,2438,2.4 million,4539,4.5 million,5900,3.9,1.9,0.3,0.6,between 2.5 and 5
34.86,117.55,null,Asia,China,Zaozhuang,"China, Zaozhuang",Urban Agglomeration,853,0.9 million,1038,1.0 million,1264,1.2,1.4,0.1,0.1,between 0 and 2.5
34.98,138.38,null,Asia,Japan,Shizuoka-Hamamatsu M.M.A.,"Japan, Shizuoka-Hamamatsu M.M.A.",Metropolitan area,1217,1.2 million,3493,3.5 million,3934,6.6,0.8,2.8,2.9,5 or more
35.05,118.33,null,Asia,China,"Linyi, Shandong","China, Linyi, Shandong",Urban Agglomeration,1130,1.1 million,1744,1.7 million,2204,2.7,1.7,0.1,0.2,between 2.5 and 5
35.1,129.04,null,Asia,Republic of Korea,Busan,"Republic of Korea, Busan",City Proper,3594,3.6 million,3200,3.2 million,3264,-0.7,0.1,6.4,7.8,negative
35.13,36.76,null,Asia,Syrian Arab Republic,Hamah,"Syrian Arab Republic, Hamah",Urban Agglomeration,495,0.5 million,1297,1.3 million,2003,6,3.1,5.7,9.8,5 or more
35.14,-90.05,null,North America,United States of America,Memphis,"United States of America, Memphis",Urban Agglomeration,974,1.0 million,1113,1.1 million,1269,0.8,0.9,0.3,0.4,between 0 and 2.5
35.15,126.92,null,Asia,Republic of Korea,Gwangju,"Republic of Korea, Gwangju",City Proper,1343,1.3 million,1550,1.6 million,1682,0.9,0.6,3.1,3.8,between 0 and 2.5
35.18,136.91,null,Asia,Japan,Chukyo M.M.A. (Nagoya),"Japan, Chukyo M.M.A. (Nagoya)",Metropolitan area,8740,8.7 million,9434,9.4 million,9304,0.5,-0.1,7.5,7.9,between 0 and 2.5
35.23,-80.84,null,North America,United States of America,Charlotte,"United States of America, Charlotte",Urban Agglomeration,768,0.8 million,1685,1.7 million,2166,4.9,1.8,0.5,0.6,between 2.5 and 5
35.23,128.68,null,Asia,Republic of Korea,Changwon,"Republic of Korea, Changwon",Urban Agglomeration,1077,1.1 million,1036,1.0 million,1090,-0.2,0.4,2.1,2.5,negative
35.3,113.9,null,Asia,China,Xinxiang,"China, Xinxiang",Urban Agglomeration,762,0.8 million,1006,1.0 million,1249,1.7,1.5,0.1,0.1,between 0 and 2.5
35.4,119.51,null,Asia,China,Rizhao,"China, Rizhao",Urban Agglomeration,613,0.6 million,1096,1.1 million,1441,3.6,2,0.1,0.1,between 2.5 and 5
35.41,116.58,null,Asia,China,"Jining, Shandong","China, Jining, Shandong",Urban Agglomeration,1112,1.1 million,1403,1.4 million,1722,1.5,1.5,0.1,0.2,between 0 and 2.5
35.56,45.44,null,Asia,Iraq,Sulaimaniya,"Iraq, Sulaimaniya",Urban Agglomeration,580,0.6 million,1041,1.0 million,1571,3.7,2.9,2.8,4.1,between 2.5 and 5
35.69,139.69,null,Asia,Japan,Tokyo,"Japan, Tokyo",Metropolitan area,34450,34.5 million,38140,38.1 million,37190,0.6,-0.2,30.1,32.1,between 0 and 2.5
35.69,51.42,null,Asia,Iran (Islamic Republic of),Tehran,"Iran (Islamic Republic of), Tehran",City Proper,7128,7.1 million,8516,8.5 million,9990,1.1,1.1,10.6,14.3,between 0 and 2.5
35.78,-78.64,null,North America,United States of America,Raleigh,"United States of America, Raleigh",Urban Agglomeration,548,0.5 million,1188,1.2 million,1533,4.8,1.8,0.4,0.4,between 2.5 and 5
35.78,-5.81,null,Africa,Morocco,Tanger,"Morocco, Tanger",Urban Agglomeration,591,0.6 million,1016,1.0 million,1391,3.4,2.2,3,4.9,between 2.5 and 5
35.84,51.01,null,Asia,Iran (Islamic Republic of),Karaj,"Iran (Islamic Republic of), Karaj",City Proper,1087,1.1 million,1861,1.9 million,2386,3.4,1.8,2.3,3.1,between 2.5 and 5
35.87,128.59,null,Asia,Republic of Korea,Daegu,"Republic of Korea, Daegu",City Proper,2323,2.3 million,2241,2.2 million,2328,-0.2,0.3,4.5,5.4,negative
36.06,103.79,null,Asia,China,Lanzhou,"China, Lanzhou",Urban Agglomeration,1890,1.9 million,2782,2.8 million,3485,2.4,1.6,0.2,0.3,between 0 and 2.5
36.09,114.35,null,Asia,China,Anyang,"China, Anyang",Urban Agglomeration,548,0.5 million,1191,1.2 million,1633,4.9,2.2,0.1,0.1,between 2.5 and 5
36.1,120.37,null,Asia,China,Qingdao,"China, Qingdao",Urban Agglomeration,2940,2.9 million,4686,4.7 million,5920,2.9,1.7,0.3,0.6,between 2.5 and 5
36.16,-86.78,null,North America,United States of America,Nashville-Davidson,"United States of America, Nashville-Davidson",Urban Agglomeration,755,0.8 million,1129,1.1 million,1357,2.5,1.3,0.3,0.4,between 2.5 and 5
36.17,-115.14,null,North America,United States of America,Las Vegas,"United States of America, Las Vegas",Urban Agglomeration,1326,1.3 million,2340,2.3 million,2867,3.5,1.5,0.7,0.9,between 2.5 and 5
36.19,117.12,null,Asia,China,"Taian, Shandong","China, Taian, Shandong",Urban Agglomeration,910,0.9 million,1239,1.2 million,1541,1.9,1.6,0.1,0.2,between 0 and 2.5
36.19,44.01,null,Asia,Iraq,Irbil (Erbil),"Iraq, Irbil (Erbil)",City Proper,757,0.8 million,1200,1.2 million,1766,2.9,2.8,3.3,4.7,between 2.5 and 5
36.21,37.16,null,Asia,Syrian Arab Republic,Halab (Aleppo),"Syrian Arab Republic, Halab (Aleppo)",Urban Agglomeration,2204,2.2 million,3641,3.6 million,5087,3.1,2.4,16,27.5,between 2.5 and 5
36.3,59.61,null,Asia,Iran (Islamic Republic of),Mashhad,"Iran (Islamic Republic of), Mashhad",City Proper,2073,2.1 million,3088,3.1 million,3863,2.5,1.6,3.8,5.2,between 2.5 and 5
36.32,127.42,null,Asia,Republic of Korea,Daejon,"Republic of Korea, Daejon",City Proper,1354,1.4 million,1578,1.6 million,1711,1,0.6,3.2,3.8,between 0 and 2.5
36.34,43.12,null,Asia,Iraq,Al-Mawsil (Mosul),"Iraq, Al-Mawsil (Mosul)",Urban Agglomeration,1056,1.1 million,1749,1.7 million,2586,3.2,2.8,4.8,6.8,between 2.5 and 5
36.62,101.77,null,Asia,China,Xining,"China, Xining",Urban Agglomeration,844,0.8 million,1359,1.4 million,1750,3,1.8,0.1,0.2,between 2.5 and 5
36.71,119.1,null,Asia,China,Weifang,"China, Weifang",Urban Agglomeration,1235,1.2 million,2269,2.3 million,2973,3.8,1.9,0.2,0.3,between 2.5 and 5
36.75,3.04,null,Africa,Algeria,El Djazaïr  (Algiers),"Algeria, El Djazaïr  (Algiers)",Urban Agglomeration,2141,2.1 million,2632,2.6 million,3405,1.3,1.8,6.4,8.9,between 0 and 2.5
36.79,118.06,null,Asia,China,Zibo,"China, Zibo",Urban Agglomeration,1874,1.9 million,2465,2.5 million,3015,1.7,1.4,0.2,0.3,between 0 and 2.5
36.82,10.17,null,Africa,Tunisia,Tunis,"Tunisia, Tunis",Urban Agglomeration,1769,1.8 million,2010,2.0 million,2347,0.8,1.1,17.7,26.4,between 0 and 2.5
36.83,-76.09,null,North America,United States of America,Virginia Beach,"United States of America, Virginia Beach",Urban Agglomeration,1396,1.4 million,1462,1.5 million,1632,0.3,0.8,0.4,0.5,between 0 and 2.5
36.91,30.7,null,Asia,Turkey,Antalya,"Turkey, Antalya",City Proper,595,0.6 million,1100,1.1 million,1381,3.8,1.6,1.4,1.9,between 2.5 and 5
37,35.33,null,Asia,Turkey,Adana,"Turkey, Adana",Urban Agglomeration,1123,1.1 million,1879,1.9 million,2351,3.2,1.6,2.4,3.3,between 2.5 and 5
37.06,37.38,null,Asia,Turkey,Gaziantep,"Turkey, Gaziantep",Urban Agglomeration,844,0.8 million,1567,1.6 million,1955,3.9,1.6,2,2.7,between 2.5 and 5
37.24,127.2,null,Asia,Republic of Korea,Yongin,"Republic of Korea, Yongin",City Proper,376,0.4 million,1090,1.1 million,1325,6.7,1.4,2.2,2.6,5 or more
37.26,127.02,null,Asia,Republic of Korea,Suweon,"Republic of Korea, Suweon",City Proper,932,0.9 million,1106,1.1 million,1195,1.1,0.6,2.2,2.7,between 0 and 2.5
37.34,-121.89,null,North America,United States of America,San Jose,"United States of America, San Jose",Urban Agglomeration,1541,1.5 million,1739,1.7 million,1964,0.8,0.9,0.5,0.6,between 0 and 2.5
37.45,126.73,null,Asia,Republic of Korea,Incheon,"Republic of Korea, Incheon",City Proper,2371,2.4 million,2711,2.7 million,2919,0.8,0.5,5.4,6.6,between 0 and 2.5
37.47,121.44,null,Asia,China,Yantai,"China, Yantai",Urban Agglomeration,1218,1.2 million,2182,2.2 million,2838,3.6,1.9,0.2,0.3,between 2.5 and 5
37.54,-77.44,null,North America,United States of America,Richmond,"United States of America, Richmond",Urban Agglomeration,822,0.8 million,1042,1.0 million,1214,1.5,1.1,0.3,0.4,between 0 and 2.5
37.57,126.98,null,Asia,Republic of Korea,Seoul,"Republic of Korea, Seoul",City Proper,9878,9.9 million,9779,9.8 million,9960,-0.1,0.1,19.6,23.7,negative
37.76,-122.44,null,North America,United States of America,San Francisco-Oakland,"United States of America, San Francisco-Oakland",Urban Agglomeration,3230,3.2 million,3299,3.3 million,3615,0.1,0.7,1,1.2,between 0 and 2.5
37.86,112.55,null,Asia,China,"Taiyuan, Shanxi","China, Taiyuan, Shanxi",Urban Agglomeration,2503,2.5 million,3549,3.5 million,4396,2.2,1.5,0.3,0.4,between 0 and 2.5
37.87,32.48,null,Asia,Turkey,Konya,"Turkey, Konya",Urban Agglomeration,734,0.7 million,1226,1.2 million,1542,3.2,1.6,1.6,2.1,between 2.5 and 5
37.95,23.75,null,Europe,Greece,Athínai (Athens),"Greece, Athínai (Athens)",Urban Agglomeration,3179,3.2 million,3046,3.0 million,3169,-0.3,0.3,27.4,35,negative
38.04,114.51,null,Asia,China,Shijiazhuang,"China, Shijiazhuang",Urban Agglomeration,1914,1.9 million,3370,3.4 million,4362,3.5,1.8,0.2,0.4,between 2.5 and 5
38.08,46.29,null,Asia,Iran (Islamic Republic of),Tabriz,"Iran (Islamic Republic of), Tabriz",City Proper,1264,1.3 million,1594,1.6 million,1943,1.4,1.4,2,2.7,between 0 and 2.5
38.24,-85.76,null,North America,United States of America,Louisville,"United States of America, Louisville",Urban Agglomeration,866,0.9 million,1041,1.0 million,1201,1.2,1,0.3,0.4,between 0 and 2.5
38.26,140.9,null,Asia,Japan,Sendai,"Japan, Sendai",Metropolitan area,2184,2.2 million,2071,2.1 million,2012,-0.3,-0.2,1.6,1.7,negative
38.41,27.14,null,Asia,Turkey,Izmir,"Turkey, Izmir",Urban Agglomeration,2216,2.2 million,3090,3.1 million,3701,2.1,1.3,4,5.4,between 0 and 2.5
38.47,106.27,null,Asia,China,Yinchuan,"China, Yinchuan",Urban Agglomeration,571,0.6 million,1698,1.7 million,2461,6.8,2.7,0.1,0.2,5 or more
38.58,-121.49,null,North America,United States of America,Sacramento,"United States of America, Sacramento",Urban Agglomeration,1401,1.4 million,1953,2.0 million,2294,2.1,1.1,0.6,0.7,between 0 and 2.5
38.63,-90.2,null,North America,United States of America,St. Louis,"United States of America, St. Louis",Urban Agglomeration,2079,2.1 million,2187,2.2 million,2427,0.3,0.7,0.7,0.8,between 0 and 2.5
38.72,-9.14,null,Europe,Portugal,Lisboa (Lisbon),"Portugal, Lisboa (Lisbon)",Metropolitan area,2672,2.7 million,2902,2.9 million,3192,0.5,0.7,27.4,42.7,between 0 and 2.5
38.85,115.49,null,Asia,China,Baoding,"China, Baoding",Urban Agglomeration,884,0.9 million,1120,1.1 million,1377,1.5,1.5,0.1,0.1,between 0 and 2.5
38.9,-77.04,null,North America,United States of America,"Washington, D.C.","United States of America, Washington, D.C.",Urban Agglomeration,3949,3.9 million,5013,5.0 million,5690,1.5,0.9,1.5,1.9,between 0 and 2.5
38.91,121.6,null,Asia,China,Dalian,"China, Dalian",Urban Agglomeration,2833,2.8 million,4612,4.6 million,5851,3,1.7,0.3,0.6,between 2.5 and 5
39.03,125.75,null,Asia,Dem. People’s Rep. of Korea,P’yongyang,"Dem. People’s Rep. of Korea, P’yongyang",City Proper,2777,2.8 million,2872,2.9 million,3277,0.2,0.9,11.4,18.6,between 0 and 2.5
39.1,-84.52,null,North America,United States of America,Cincinnati,"United States of America, Cincinnati",Urban Agglomeration,1506,1.5 million,1696,1.7 million,1916,0.7,0.9,0.5,0.6,between 0 and 2.5
39.11,117.19,null,Asia,China,Tianjin,"China, Tianjin",Urban Agglomeration,6670,6.7 million,11558,11.6 million,14655,3.4,1.7,0.8,1.4,between 2.5 and 5
39.11,-94.63,null,North America,United States of America,Kansas City,"United States of America, Kansas City",Urban Agglomeration,1365,1.4 million,1617,1.6 million,1846,1.1,0.9,0.5,0.6,between 0 and 2.5
39.29,-76.61,null,North America,United States of America,Baltimore,"United States of America, Baltimore",Urban Agglomeration,2079,2.1 million,2275,2.3 million,2543,0.6,0.8,0.7,0.8,between 0 and 2.5
39.63,118.18,null,Asia,China,"Tangshan, Hebei","China, Tangshan, Hebei",Urban Agglomeration,1418,1.4 million,2853,2.9 million,3801,4.4,2,0.2,0.4,between 2.5 and 5
39.73,-104.98,null,North America,United States of America,Denver-Aurora,"United States of America, Denver-Aurora",Urban Agglomeration,1994,2.0 million,2636,2.6 million,3048,1.7,1,0.8,1,between 0 and 2.5
39.79,-86.15,null,North America,United States of America,Indianapolis,"United States of America, Indianapolis",Urban Agglomeration,1225,1.2 million,1672,1.7 million,1961,1.9,1.1,0.5,0.6,between 0 and 2.5
39.91,116.4,null,Asia,China,Beijing,"China, Beijing",Urban Agglomeration,10162,10.2 million,21240,21.2 million,27706,4.6,1.9,1.5,2.7,between 2.5 and 5
39.92,32.85,null,Asia,Turkey,Ankara,"Turkey, Ankara",Urban Agglomeration,3179,3.2 million,4852,4.9 million,5875,2.6,1.4,6.3,8.5,between 2.5 and 5
39.93,119.59,null,Asia,China,Qinhuangdao,"China, Qinhuangdao",Urban Agglomeration,702,0.7 million,1139,1.1 million,1470,3,1.8,0.1,0.1,between 2.5 and 5
39.95,-75.16,null,North America,United States of America,Philadelphia,"United States of America, Philadelphia",Urban Agglomeration,5156,5.2 million,5602,5.6 million,6158,0.5,0.7,1.7,2.1,between 0 and 2.5
39.96,-83,null,North America,United States of America,"Columbus, Ohio","United States of America, Columbus, Ohio",Urban Agglomeration,1139,1.1 million,1528,1.5 million,1788,1.8,1.1,0.5,0.6,between 0 and 2.5
40.08,113.29,null,Asia,China,Datong,"China, Datong",Urban Agglomeration,1049,1.0 million,1567,1.6 million,1988,2.5,1.7,0.1,0.2,between 2.5 and 5
40.18,44.51,null,Asia,Armenia,Yerevan,"Armenia, Yerevan",City Proper,1111,1.1 million,1040,1.0 million,1057,-0.4,0.1,34.8,55.6,negative
40.19,29.06,null,Asia,Turkey,Bursa,"Turkey, Bursa",Urban Agglomeration,1180,1.2 million,1974,2.0 million,2465,3.2,1.6,2.5,3.4,between 2.5 and 5
40.38,49.89,null,Asia,Azerbaijan,Baku,"Azerbaijan, Baku",Urban Agglomeration,1806,1.8 million,2429,2.4 million,2971,1.9,1.4,25,45.6,between 0 and 2.5
40.42,-3.7,null,Europe,Spain,Madrid,"Spain, Madrid",City Proper,5014,5.0 million,6264,6.3 million,6707,1.4,0.5,13.2,16.6,between 0 and 2.5
40.44,-79.99,null,North America,United States of America,Pittsburgh,"United States of America, Pittsburgh",Urban Agglomeration,1753,1.8 million,1715,1.7 million,1884,-0.1,0.7,0.5,0.6,negative
40.65,109.82,null,Asia,China,Baotou,"China, Baotou",Urban Agglomeration,1406,1.4 million,1996,2.0 million,2495,2.2,1.6,0.1,0.2,between 0 and 2.5
40.66,122.23,null,Asia,China,Yingkou,"China, Yingkou",Urban Agglomeration,624,0.6 million,1057,1.1 million,1380,3.3,1.9,0.1,0.1,between 2.5 and 5
40.72,-74,null,North America,United States of America,New York-Newark,"United States of America, New York-Newark",Urban Agglomeration,17813,17.8 million,18604,18.6 million,19885,0.3,0.5,5.7,6.9,between 0 and 2.5
40.75,-111.89,null,North America,United States of America,Salt Lake City,"United States of America, Salt Lake City",Urban Agglomeration,891,0.9 million,1108,1.1 million,1284,1.4,1.1,0.3,0.4,between 0 and 2.5
40.85,14.26,null,Europe,Italy,Napoli (Naples),"Italy, Napoli (Naples)",Metropolitan area,2232,2.2 million,2198,2.2 million,2226,-0.1,0.1,3.6,5.2,negative
41.01,28.95,null,Asia,Turkey,Istanbul,"Turkey, Istanbul",Urban Agglomeration,8744,8.7 million,14365,14.4 million,16694,3.1,1.1,18.5,25.1,between 2.5 and 5
41.11,121.14,null,Asia,China,Jinzhou,"China, Jinzhou",Urban Agglomeration,770,0.8 million,1053,1.1 million,1319,2,1.6,0.1,0.1,between 0 and 2.5
41.12,122.99,null,Asia,China,Anshan,"China, Anshan",Urban Agglomeration,1384,1.4 million,1570,1.6 million,1886,0.8,1.3,0.1,0.2,between 0 and 2.5
41.15,-8.61,null,Europe,Portugal,Porto,"Portugal, Porto",Metropolitan area,1254,1.3 million,1304,1.3 million,1443,0.2,0.7,12.3,19.2,between 0 and 2.5
41.26,69.22,null,Asia,Uzbekistan,Tashkent,"Uzbekistan, Tashkent",City Proper,2135,2.1 million,2264,2.3 million,2839,0.4,1.6,7.5,20.6,between 0 and 2.5
41.29,123.77,null,Asia,China,Benxi,"China, Benxi",Urban Agglomeration,857,0.9 million,1085,1.1 million,1338,1.5,1.5,0.1,0.1,between 0 and 2.5
41.39,2.16,null,Europe,Spain,Barcelona,"Spain, Barcelona",City Proper,4355,4.4 million,5309,5.3 million,5685,1.2,0.5,11.2,14.1,between 0 and 2.5
41.5,-81.69,null,North America,United States of America,Cleveland,"United States of America, Cleveland",Urban Agglomeration,1786,1.8 million,1769,1.8 million,1948,-0.1,0.7,0.5,0.7,negative
41.69,44.83,null,Asia,Georgia,Tbilisi,"Georgia, Tbilisi",City Proper,1100,1.1 million,1145,1.1 million,1119,0.3,-0.2,26.7,49.7,between 0 and 2.5
41.79,123.43,null,Asia,China,Shenyang,"China, Shenyang",Urban Agglomeration,4562,4.6 million,6438,6.4 million,7911,2.2,1.5,0.5,0.8,between 0 and 2.5
41.82,-71.42,null,North America,United States of America,Providence,"United States of America, Providence",Urban Agglomeration,1175,1.2 million,1196,1.2 million,1333,0.1,0.8,0.4,0.4,between 0 and 2.5
41.85,-87.65,null,North America,United States of America,Chicago,"United States of America, Chicago",Urban Agglomeration,8315,8.3 million,8755,8.8 million,9493,0.3,0.6,2.7,3.3,between 0 and 2.5
41.88,123.95,null,Asia,China,"Fushun, Liaoning","China, Fushun, Liaoning",Urban Agglomeration,1358,1.4 million,1295,1.3 million,1508,-0.3,1.1,0.1,0.2,negative
41.89,12.48,null,Europe,Italy,Roma (Rome),"Italy, Roma (Rome)",Metropolitan area,3385,3.4 million,3738,3.7 million,3842,0.6,0.2,6.1,8.8,between 0 and 2.5
42.26,118.92,null,Asia,China,Chifeng,"China, Chifeng",Urban Agglomeration,677,0.7 million,1043,1.0 million,1333,2.7,1.8,0.1,0.1,between 2.5 and 5
42.35,-71.06,null,North America,United States of America,Boston,"United States of America, Boston",Urban Agglomeration,4036,4.0 million,4255,4.3 million,4671,0.3,0.7,1.3,1.6,between 0 and 2.5
42.39,-83.1,null,North America,United States of America,Detroit,"United States of America, Detroit",Urban Agglomeration,3899,3.9 million,3618,3.6 million,3886,-0.5,0.5,1.1,1.4,negative
42.7,23.32,null,Europe,Bulgaria,Sofia,"Bulgaria, Sofia",Urban Agglomeration,1128,1.1 million,1230,1.2 million,1230,0.5,0,17.4,23.5,between 0 and 2.5
43.04,-87.91,null,North America,United States of America,Milwaukee,"United States of America, Milwaukee",Urban Agglomeration,1311,1.3 million,1413,1.4 million,1588,0.5,0.8,0.4,0.5,between 0 and 2.5
43.06,141.35,null,Asia,Japan,Sapporo,"Japan, Sapporo",Metropolitan area,2508,2.5 million,2564,2.6 million,2542,0.1,-0.1,2,2.2,between 0 and 2.5
43.25,76.91,null,Asia,Kazakhstan,Almaty,"Kazakhstan, Almaty",City Proper,1160,1.2 million,1535,1.5 million,1730,1.8,0.9,9.1,17,between 0 and 2.5
43.53,5.44,null,Europe,France,Marseille-Aix-en-Provence,"France, Marseille-Aix-en-Provence",Urban Agglomeration,1474,1.5 million,1616,1.6 million,1798,0.6,0.8,2.5,3.1,between 0 and 2.5
43.7,-79.42,null,North America,Canada,Toronto,"Canada, Toronto",Metropolitan area,4607,4.6 million,6083,6.1 million,6957,1.7,1,16.8,20.5,between 0 and 2.5
43.83,87.6,null,Asia,China,Ürümqi (Wulumqi),"China, Ürümqi (Wulumqi)",Urban Agglomeration,1807,1.8 million,3639,3.6 million,4831,4.4,2,0.3,0.5,between 2.5 and 5
43.85,126.56,null,Asia,China,Jilin,"China, Jilin",Urban Agglomeration,1311,1.3 million,1534,1.5 million,1854,1,1.4,0.1,0.2,between 0 and 2.5
43.88,125.29,null,Asia,China,Changchun,"China, Changchun",Urban Agglomeration,2730,2.7 million,3835,3.8 million,4742,2.1,1.5,0.3,0.5,between 0 and 2.5
44.43,26.1,null,Europe,Romania,Bucuresti (Bucharest),"Romania, Bucuresti (Bucharest)",City Proper,1949,1.9 million,1865,1.9 million,1939,-0.3,0.3,8.7,15.8,negative
44.82,20.46,null,Europe,Serbia,Beograd (Belgrade),"Serbia, Beograd (Belgrade)",Urban Agglomeration,1122,1.1 million,1183,1.2 million,1196,0.3,0.1,12.6,22.7,between 0 and 2.5
44.97,-93.27,null,North America,United States of America,Minneapolis-St. Paul,"United States of America, Minneapolis-St. Paul",Urban Agglomeration,2395,2.4 million,2812,2.8 million,3175,1,0.9,0.9,1,between 0 and 2.5
45.07,7.68,null,Europe,Italy,Torino (Turin),"Italy, Torino (Turin)",Metropolitan area,1694,1.7 million,1769,1.8 million,1825,0.3,0.2,2.9,4.2,between 0 and 2.5
45.42,-75.7,null,North America,Canada,Ottawa-Gatineau,"Canada, Ottawa-Gatineau",Metropolitan area,1055,1.1 million,1346,1.3 million,1577,1.5,1.1,3.7,4.5,between 0 and 2.5
45.51,-73.59,null,North America,Canada,Montréal,"Canada, Montréal",Metropolitan area,3429,3.4 million,4014,4.0 million,4517,1,0.8,11.1,13.5,between 0 and 2.5
45.52,-122.68,null,North America,United States of America,Portland,"United States of America, Portland",Urban Agglomeration,1589,1.6 million,2025,2.0 million,2336,1.5,1,0.6,0.8,between 0 and 2.5
45.55,9.18,null,Europe,Italy,Milano (Milan),"Italy, Milano (Milan)",Metropolitan area,2985,3.0 million,3104,3.1 million,3162,0.2,0.1,5.1,7.3,between 0 and 2.5
45.75,4.85,null,Europe,France,Lyon,"France, Lyon",Urban Agglomeration,1443,1.4 million,1622,1.6 million,1814,0.7,0.8,2.5,3.1,between 0 and 2.5
46.48,30.73,null,Europe,Ukraine,Odesa,"Ukraine, Odesa",City Proper,1037,1.0 million,1011,1.0 million,1031,-0.2,0.1,2.3,3.3,negative
46.58,125,null,Asia,China,Daqing,"China, Daqing",Urban Agglomeration,1082,1.1 million,1661,1.7 million,2113,2.7,1.7,0.1,0.2,between 2.5 and 5
47.22,39.7,null,Europe,Russian Federation,Rostov-na-Donu (Rostov-on-Don),"Russian Federation, Rostov-na-Donu (Rostov-on-Don)",City Proper,1061,1.1 million,1095,1.1 million,1110,0.2,0.1,0.8,1,between 0 and 2.5
47.34,123.97,null,Asia,China,Qiqihaer,"China, Qiqihaer",Urban Agglomeration,1188,1.2 million,1469,1.5 million,1798,1.3,1.4,0.1,0.2,between 0 and 2.5
47.36,8.5,null,Europe,Switzerland,Zürich (Zurich),"Switzerland, Zürich (Zurich)",Urban Agglomeration,1078,1.1 million,1259,1.3 million,1494,1,1.2,15.1,20.5,between 0 and 2.5
47.5,19.04,null,Europe,Hungary,Budapest,"Hungary, Budapest",City Proper,1787,1.8 million,1712,1.7 million,1811,-0.3,0.4,17.3,24.2,negative
47.63,-122.33,null,North America,United States of America,Seattle,"United States of America, Seattle",Urban Agglomeration,2720,2.7 million,3278,3.3 million,3709,1.2,0.9,1,1.2,between 0 and 2.5
47.91,106.88,null,Asia,Mongolia,Ulaanbaatar,"Mongolia, Ulaanbaatar",City Proper,765,0.8 million,1421,1.4 million,1850,3.9,1.9,47.9,65.8,between 2.5 and 5
48.14,11.57,null,Europe,Germany,München (Munich),"Germany, München (Munich)",City Proper,1202,1.2 million,1454,1.5 million,1548,1.2,0.4,1.8,2.3,between 0 and 2.5
48.21,16.37,null,Europe,Austria,Wien (Vienna),"Austria, Wien (Vienna)",City Proper,1549,1.5 million,1763,1.8 million,1959,0.8,0.8,20.5,31.1,between 0 and 2.5
48.72,44.5,null,Europe,Russian Federation,Volgograd,"Russian Federation, Volgograd",City Proper,1010,1.0 million,1020,1.0 million,1032,0.1,0.1,0.7,1,between 0 and 2.5
48.85,2.35,null,Europe,France,Paris,"France, Paris",Urban Agglomeration,9737,9.7 million,10925,10.9 million,11803,0.7,0.6,16.7,21,between 0 and 2.5
49.25,-123.12,null,North America,Canada,Vancouver,"Canada, Vancouver",Metropolitan area,1959,2.0 million,2523,2.5 million,2930,1.6,1.1,7,8.5,between 0 and 2.5
49.98,36.25,null,Europe,Ukraine,Kharkiv,"Ukraine, Kharkiv",City Proper,1484,1.5 million,1438,1.4 million,1393,-0.2,-0.2,3.2,4.6,negative
50.09,14.42,null,Europe,Czech Republic,Praha (Prague),"Czech Republic, Praha (Prague)",City Proper,1172,1.2 million,1324,1.3 million,1437,0.8,0.6,12.2,16.8,between 0 and 2.5
50.45,30.52,null,Europe,Ukraine,Kyiv (Kiev),"Ukraine, Kyiv (Kiev)",City Proper,2606,2.6 million,2966,3.0 million,3038,0.8,0.2,6.7,9.6,between 0 and 2.5
50.63,3.06,null,Europe,France,Lille,"France, Lille",Urban Agglomeration,1002,1.0 million,1030,1.0 million,1142,0.2,0.7,1.6,2,between 0 and 2.5
50.85,4.35,null,Europe,Belgium,Bruxelles-Brussel,"Belgium, Bruxelles-Brussel",Metropolitan area,1792,1.8 million,2061,2.1 million,2203,0.9,0.5,18.4,18.8,between 0 and 2.5
50.93,6.95,null,Europe,Germany,Köln (Cologne),"Germany, Köln (Cologne)",City Proper,963,1.0 million,1042,1.0 million,1095,0.5,0.4,1.3,1.7,between 0 and 2.5
51.04,-114.06,null,North America,Canada,Calgary,"Canada, Calgary",Metropolitan area,927,0.9 million,1365,1.4 million,1630,2.4,1.3,3.8,4.6,between 0 and 2.5
51.51,-0.13,null,Europe,United Kingdom,London,"United Kingdom, London",Urban Agglomeration,8613,8.6 million,10434,10.4 million,11467,1.2,0.7,16.3,19.6,between 0 and 2.5
52.23,21.01,null,Europe,Poland,Warszawa (Warsaw),"Poland, Warszawa (Warsaw)",City Proper,1666,1.7 million,1727,1.7 million,1791,0.2,0.3,4.5,7.5,between 0 and 2.5
52.37,4.89,null,Europe,Netherlands,Amsterdam,"Netherlands, Amsterdam",Urban Agglomeration,1005,1.0 million,1099,1.1 million,1213,0.6,0.7,6.5,7.1,between 0 and 2.5
52.48,-1.9,null,Europe,United Kingdom,Birmingham (West Midlands),"United Kingdom, Birmingham (West Midlands)",Urban Agglomeration,2280,2.3 million,2533,2.5 million,2808,0.7,0.7,3.9,4.8,between 0 and 2.5
52.52,13.41,null,Europe,Germany,Berlin,"Germany, Berlin",City Proper,3384,3.4 million,3578,3.6 million,3658,0.3,0.2,4.3,5.7,between 0 and 2.5
53.2,50.15,null,Europe,Russian Federation,Samara,"Russian Federation, Samara",City Proper,1173,1.2 million,1162,1.2 million,1171,-0.1,0.1,0.8,1.1,negative
53.33,-6.25,null,Europe,Ireland,Dublin,"Ireland, Dublin",Urban Agglomeration,989,1.0 million,1185,1.2 million,1467,1.1,1.5,24.8,39,between 0 and 2.5
53.48,-2.24,null,Europe,United Kingdom,Manchester,"United Kingdom, Manchester",Urban Agglomeration,2345,2.3 million,2668,2.7 million,2968,0.8,0.8,4.2,5,between 0 and 2.5
53.54,-113.5,null,North America,Canada,Edmonton,"Canada, Edmonton",Metropolitan area,924,0.9 million,1298,1.3 million,1547,2.1,1.3,3.6,4.4,between 0 and 2.5
53.55,10,null,Europe,Germany,Hamburg,"Germany, Hamburg",City Proper,1710,1.7 million,1839,1.8 million,1906,0.5,0.3,2.2,3,between 0 and 2.5
53.8,-1.76,null,Europe,United Kingdom,West Yorkshire,"United Kingdom, West Yorkshire",Urban Agglomeration,1495,1.5 million,1944,1.9 million,2235,1.6,1,3,3.7,between 0 and 2.5
53.9,27.57,null,Europe,Belarus,Minsk,"Belarus, Minsk",Urban Agglomeration,1700,1.7 million,1925,1.9 million,1942,0.8,0.1,20.9,27.1,between 0 and 2.5
54.79,56.05,null,Europe,Russian Federation,Ufa,"Russian Federation, Ufa",City Proper,1049,1.0 million,1069,1.1 million,1085,0.1,0.1,0.8,1,between 0 and 2.5
55,73.4,null,Europe,Russian Federation,Omsk,"Russian Federation, Omsk",City Proper,1136,1.1 million,1161,1.2 million,1175,0.1,0.1,0.8,1.1,between 0 and 2.5
55.04,82.93,null,Europe,Russian Federation,Novosibirsk,"Russian Federation, Novosibirsk",City Proper,1426,1.4 million,1498,1.5 million,1517,0.3,0.1,1.1,1.4,between 0 and 2.5
55.15,61.43,null,Europe,Russian Federation,Chelyabinsk,"Russian Federation, Chelyabinsk",City Proper,1082,1.1 million,1160,1.2 million,1187,0.4,0.2,0.8,1.1,between 0 and 2.5
55.68,12.57,null,Europe,Denmark,København (Copenhagen),"Denmark, København (Copenhagen)",Urban Agglomeration,1077,1.1 million,1281,1.3 million,1455,1.1,0.9,22.5,25.7,between 0 and 2.5
55.75,37.62,null,Europe,Russian Federation,Moskva (Moscow),"Russian Federation, Moskva (Moscow)",City Proper,10005,10.0 million,12260,12.3 million,12200,1.3,0,8.7,11.7,between 0 and 2.5
55.79,49.12,null,Europe,Russian Federation,Kazan,"Russian Federation, Kazan",City Proper,1096,1.1 million,1163,1.2 million,1185,0.4,0.1,0.8,1.1,between 0 and 2.5
55.87,-4.26,null,Europe,United Kingdom,Glasgow,"United Kingdom, Glasgow",Urban Agglomeration,1180,1.2 million,1227,1.2 million,1360,0.2,0.7,1.9,2.3,between 0 and 2.5
56.01,92.79,null,Europe,Russian Federation,Krasnoyarsk,"Russian Federation, Krasnoyarsk",City Proper,911,0.9 million,1013,1.0 million,1047,0.7,0.2,0.7,1,between 0 and 2.5
56.33,44,null,Europe,Russian Federation,Nizhniy Novgorod,"Russian Federation, Nizhniy Novgorod",City Proper,1331,1.3 million,1200,1.2 million,1060,-0.6,-0.9,0.8,1.1,negative
56.86,60.61,null,Europe,Russian Federation,Yekaterinburg,"Russian Federation, Yekaterinburg",City Proper,1303,1.3 million,1381,1.4 million,1407,0.4,0.1,1,1.3,between 0 and 2.5
59.33,18.06,null,Europe,Sweden,Stockholm,"Sweden, Stockholm",Urban Agglomeration,1206,1.2 million,1507,1.5 million,1757,1.4,1.1,15.4,18,between 0 and 2.5
59.91,10.75,null,Europe,Norway,Oslo,"Norway, Oslo",Urban Agglomeration,774,0.8 million,1002,1.0 million,1186,1.6,1.2,19.3,23.9,between 0 and 2.5
59.93,30.33,null,Europe,Russian Federation,Sankt Peterburg (Saint Petersburg),"Russian Federation, Sankt Peterburg (Saint Petersburg)",City Proper,4719,4.7 million,5001,5.0 million,4955,0.4,-0.1,3.5,4.8,between 0 and 2.5
60.17,24.94,null,Europe,Finland,Helsinki,"Finland, Helsinki",Urban Agglomeration,1019,1.0 million,1190,1.2 million,1293,1,0.6,21.7,25.7,between 0 and 2.5